"box_id","year","did_not_check","occupied","failure","young_count","young_count_2nd_brood","unbanded_young_count","mount_type","study_area","latitude","longitude"
1,2024,0,1,0,3,NA,NA,"steel pole","Central PA",41.0379670141833,-77.6674654697714
2,2024,0,1,0,2,NA,NA,"steel pole","Central PA",41.0808077986022,-77.7465920843216
3,2024,0,0,0,0,NA,NA,NA,"Central PA",41.0246696443769,-77.4560027121047
4,2024,0,1,0,6,NA,NA,"steel pole","Central PA",40.1910612420645,-77.2153103636556
5,2024,0,1,0,5,NA,NA,"steel pole","Central PA",40.481369450561,-77.1562033749243
6,2024,0,1,0,5,NA,NA,"steel pole","Central PA",40.4484140289337,-77.2808549459141
7,2024,0,0,0,0,NA,NA,NA,"Central PA",40.6767184657548,-77.9050790144555
8,2024,0,0,0,0,NA,NA,NA,"Central PA",40.8061071126703,-77.8445837383634
9,2024,0,0,0,0,NA,NA,NA,"Central PA",40.7390938042723,-77.5613208978422
10,2024,0,1,0,5,NA,NA,"public u-pole","Central PA",40.6644264885798,-77.7993800693812
11,2024,0,1,0,5,NA,NA,"steel pole","Central PA",41.0427080948,-77.4658249960029
12,2024,0,1,0,4,NA,NA,"steel pole","Central PA",40.7607572722839,-77.6525675346699
13,2024,0,1,0,5,NA,NA,"steel pole","Central PA",40.7123699500661,-78.022595212227
14,2024,0,1,0,4,NA,NA,"private u-pole","Central PA",40.4908483618016,-77.9845426321962
15,2024,0,1,0,5,NA,NA,"private u-pole","Central PA",40.7189555385642,-77.8585790938426
16,2024,0,0,0,0,NA,NA,NA,"Central PA",40.1854807871355,-76.6744065255444
17,2024,0,1,0,5,NA,NA,"private u-pole","Central PA",40.5138741044494,-77.8521125817424
18,2024,0,1,0,5,NA,NA,"private u-pole","Central PA",40.3337902819091,-77.9432463325923
19,2024,0,1,0,5,NA,NA,"public u-pole","Central PA",40.3522626779784,-77.7925809219027
20,2024,0,0,0,0,NA,NA,NA,"Central PA",40.318499301377,-77.956764356723
21,2024,0,1,0,5,NA,NA,"steel pole","Central PA",40.3923611811253,-77.8393480782185
22,2024,0,1,0,5,NA,NA,"steel pole","Central PA",40.289919212287,-77.9652879918165
23,2024,0,1,0,4,NA,NA,"steel pole","Central PA",40.2955367543811,-77.7247909415408
24,2024,0,1,0,5,NA,NA,"other","Central PA",40.5734591410281,-78.0475476927012
25,2024,0,1,0,4,NA,NA,"steel pole","Central PA",40.7937513490237,-77.7274504509087
26,2024,0,1,0,4,NA,NA,"private u-pole","Central PA",40.6612549457821,-77.7625874744719
27,2024,0,1,0,5,NA,NA,"steel pole","Central PA",40.9688163643078,-77.8344757923061
28,2024,0,1,0,5,NA,NA,"private u-pole","Central PA",40.7160732678218,-77.6496897070767
29,2024,0,0,0,0,NA,NA,NA,"Central PA",40.7824909932233,-77.9175125654783
30,2024,0,1,1,0,NA,NA,"private u-pole","Central PA",40.9775747117778,-77.5846699908912
31,2024,0,1,0,3,NA,NA,"private u-pole","Central PA",40.7086564953183,-78.0154282758169
32,2024,0,0,0,0,NA,NA,NA,"Central PA",40.7029521325698,-77.7032041131401
33,2024,0,1,0,5,NA,NA,"steel pole","Central PA",40.700824416768,-77.7523562503789
34,2024,0,1,0,5,NA,NA,"public u-pole","Central PA",40.6280536693694,-77.7099138694567
35,2024,0,1,0,5,NA,NA,"steel pole","Central PA",40.7595114198966,-77.8123507210709
36,2024,0,1,0,3,NA,NA,"private u-pole","Central PA",40.5770224177417,-77.9607469430154
37,2024,0,1,0,5,NA,NA,"private u-pole","Central PA",40.7895833519864,-78.1088976570287
38,2024,0,1,0,5,NA,NA,"steel pole","Central PA",40.7175810358584,-77.7809649893504
39,2024,0,0,0,0,NA,NA,NA,"Central PA",40.4853713024195,-78.0862590031904
40,2024,0,1,0,5,NA,NA,"private u-pole","Central PA",40.9783452228523,-77.5903831293106
41,2024,0,1,1,0,NA,NA,"private u-pole","Central PA",40.7402453360449,-77.6654143092694
42,2024,0,1,0,4,NA,NA,"private u-pole","Central PA",40.7476332905888,-77.6432033261609
43,2024,0,1,0,3,NA,NA,"private u-pole","Central PA",40.907574013885,-77.5296635726892
44,2024,0,1,0,4,NA,NA,"steel pole","Central PA",40.6461830042014,-77.5570557406794
45,2024,0,1,0,5,NA,NA,"steel pole","Central PA",40.8579700749665,-77.9626153191264
46,2024,0,0,0,0,NA,NA,NA,"Central PA",40.716530654516,-77.7502724359456
47,2024,0,1,0,5,NA,NA,"private u-pole","Central PA",40.8372929472435,-78.0326183289433
48,2024,0,1,1,0,NA,NA,"steel pole","Central PA",40.8283199441674,-77.3564780145693
49,2024,0,1,0,5,NA,NA,"steel pole","Central PA",40.7214701708445,-77.5575649243389
50,2024,0,1,0,1,NA,NA,"steel pole","Central PA",40.5547998259133,-78.1709733048742
51,2024,0,1,0,2,NA,NA,"steel pole","Central PA",40.6982152663395,-77.8580704769932
52,2024,0,1,1,0,NA,NA,"steel pole","Central PA",40.5298342289002,-77.8148440640529
53,2024,0,0,0,0,NA,NA,NA,"Central PA",40.7120476393614,-78.1754786993971
54,2024,0,1,0,5,NA,NA,"private u-pole","Central PA",40.3833692043647,-77.5139095973678
55,2024,0,1,0,5,NA,NA,"public u-pole","Central PA",40.2804961622128,-77.4342568976175
56,2024,0,1,0,5,NA,NA,"private u-pole","Central PA",40.3372219429237,-77.3664466794619
57,2024,0,1,0,5,NA,NA,"steel pole","Central PA",40.2268671491191,-77.3195875504455
58,2024,0,1,0,3,NA,NA,"private u-pole","Central PA",40.2768187524519,-77.5146485717939
59,2024,0,1,0,5,NA,NA,"public u-pole","Central PA",40.7450865768101,-77.5145204640611
60,2024,0,1,0,5,NA,NA,"steel pole","Central PA",40.9345219859495,-77.6163871250236
61,2024,0,0,0,0,NA,NA,NA,"Central PA",40.5656534781032,-77.3797911397804
62,2024,0,1,0,5,NA,NA,"private u-pole","Central PA",40.9437712371152,-77.5690201584545
63,2024,0,1,0,5,NA,5,NA,"Central PA",40.6435080621769,-77.7257179412018
64,2024,0,1,0,4,NA,NA,"private u-pole","Central PA",40.6031263012561,-77.9167008001881
65,2024,0,1,0,6,NA,NA,"private u-pole","Central PA",40.62084654952,-77.730249225792
66,2024,0,1,0,5,NA,NA,"private u-pole","Central PA",40.5736163497466,-77.6899444012485
67,2024,0,0,0,0,NA,NA,NA,"Central PA",40.7213346661153,-77.8229125479224
68,2024,0,1,0,5,NA,NA,"steel pole","Central PA",40.6378941633825,-77.7363652538787
69,2024,0,1,0,6,NA,NA,"steel pole","Central PA",40.8888697118137,-77.588593826785
70,2024,0,0,0,0,NA,NA,NA,"Central PA",40.4320873578466,-78.0022701979839
71,2024,0,0,0,0,NA,NA,NA,"Central PA",40.1824278298864,-77.2504137472795
72,2024,0,1,0,5,NA,NA,"steel pole","Central PA",40.3727883120998,-77.293291543993
73,2024,0,0,0,0,NA,NA,NA,"Central PA",40.6617962514146,-77.8614330504261
74,2024,0,0,0,0,NA,NA,NA,"Central PA",40.9340293096013,-77.7019121670563
75,2024,0,1,0,8,NA,NA,"private u-pole","Central PA",40.6700834659409,-77.936774537677
76,2024,0,1,0,5,NA,NA,"steel pole","Central PA",41.150032049904,-77.589927177976
77,2024,0,1,0,3,NA,NA,"private u-pole","Central PA",40.5198184658361,-77.6598341225999
78,2024,0,1,0,4,NA,NA,"steel pole","Central PA",40.5448037293207,-77.5790072477212
79,2024,0,1,0,5,NA,NA,"private u-pole","Central PA",40.6904442424191,-77.8125659760634
80,2024,0,1,0,5,NA,NA,"steel pole","Central PA",40.5423093389131,-77.6775272785405
81,2024,0,1,0,4,NA,NA,"private u-pole","Central PA",40.544522722695,-77.5507772948431
82,2024,0,1,0,5,NA,NA,"steel pole","Central PA",40.761529920721,-77.557164614468
83,2024,0,1,0,5,NA,NA,"steel pole","Central PA",40.8487583957658,-77.725650635298
84,2024,0,1,0,4,NA,4,NA,"Central PA",40.8724275851059,-77.7454674499027
85,2024,0,0,0,0,NA,NA,NA,"Central PA",40.9428728284062,-77.8928693082101
86,2024,0,0,0,0,NA,NA,NA,"Central PA",40.7702158669761,-77.7155864514941
87,2024,0,1,0,5,NA,NA,"private u-pole","Central PA",40.9542537140477,-77.7063315874558
88,2024,0,1,0,5,NA,NA,"public u-pole","Central PA",40.605419326888,-77.6049293343966
89,2024,0,0,0,0,NA,NA,NA,"Central PA",40.9173366321527,-77.445184305791
90,2024,0,0,0,0,NA,NA,NA,"Central PA",40.8795795922819,-77.435313235681
91,2024,0,1,0,4,NA,NA,"steel pole","Central PA",40.4481364207165,-77.6720983706969
92,2024,0,1,0,5,NA,NA,"public u-pole","Central PA",40.7268033532787,-77.9826186636908
93,2024,0,1,0,5,NA,NA,"steel pole","Central PA",40.5460381588041,-77.8387013550048
94,2024,0,1,0,5,NA,NA,"steel pole","Central PA",40.6505464077327,-77.5037073789177
95,2024,0,1,0,5,NA,NA,"public u-pole","Central PA",40.8586533038797,-77.5598823898981
96,2024,0,1,0,4,NA,NA,"private u-pole","Central PA",40.5373159916852,-77.4061356913835
97,2024,0,1,0,5,NA,NA,"steel pole","Central PA",40.558246296604,-77.3628651799781
98,2024,0,1,0,5,NA,NA,"public u-pole","Central PA",40.3349515014342,-77.4049810904351
99,2024,0,1,0,5,NA,NA,"steel pole","Central PA",40.3791201410166,-77.4532841829844
100,2024,0,1,0,6,NA,NA,"steel pole","Central PA",40.7142440201756,-77.7952161166982
101,2024,0,1,0,4,NA,4,NA,"Central PA",40.6602370027761,-77.9083536654235
102,2024,0,1,0,4,NA,4,NA,"Central PA",40.7657460858096,-77.8424313243755
103,2024,0,1,0,5,NA,NA,"steel pole","Central PA",40.6198667197491,-77.894773299966
104,2024,0,1,0,2,NA,NA,"private u-pole","Central PA",40.4365038259081,-77.2340493115241
105,2024,0,1,0,5,NA,NA,"public u-pole","Central PA",40.5761968353934,-77.4527023994992
106,2024,0,0,0,0,NA,NA,NA,"Central PA",40.479206157665,-77.2595547529008
107,2024,0,1,0,5,NA,NA,"steel pole","Central PA",40.943965695887,-77.906821340462
108,2024,0,1,0,5,NA,NA,"steel pole","Central PA",40.8837147540813,-77.6027349910525
109,2024,0,0,0,0,NA,NA,NA,"Central PA",40.746239786824,-78.0413833444509
110,2024,0,1,0,5,NA,NA,"steel pole","Central PA",40.6287415055655,-77.9867011299784
111,2024,0,0,0,0,NA,NA,NA,"Central PA",40.8037771125082,-77.7894010991807
112,2024,0,0,0,0,NA,NA,NA,"Central PA",40.5892595289444,-78.2118573286604
113,2024,0,1,0,4,NA,NA,"steel pole","Central PA",40.8756940370486,-77.7621294507017
114,2024,0,1,0,5,NA,1,NA,"Central PA",41.1047440639753,-77.7304910818997
115,2024,0,1,0,4,NA,NA,"other","Central PA",40.9574667897079,-77.6292107270552
116,2024,0,1,0,5,NA,NA,"steel pole","Central PA",40.8395052932719,-77.9267374020109
117,2024,0,1,0,5,NA,NA,"steel pole","Central PA",40.765314232075,-77.7887879861583
118,2024,0,1,0,3,NA,NA,"steel pole","Central PA",40.9790217965183,-78.0376532560075
119,2024,0,1,0,5,NA,NA,"steel pole","Central PA",40.8700438652084,-77.8966333000889
120,2024,0,1,0,4,NA,NA,"steel pole","Central PA",40.9637859380713,-77.9935750801093
121,2024,0,0,0,0,NA,NA,NA,"Central PA",40.6316561123816,-77.7829499709587
122,2024,0,1,0,4,NA,NA,"private u-pole","Central PA",40.7793223484062,-77.7028254256408
123,2024,0,1,0,5,NA,NA,"steel pole","Central PA",41.0498553286756,-77.7031705193237
124,2024,0,1,0,4,NA,NA,"steel pole","Central PA",40.7759859779624,-77.6551064131595
125,2024,0,1,0,5,NA,NA,"steel pole","Central PA",40.8783714183657,-77.8426976215147
126,2024,0,0,0,0,NA,NA,NA,"Central PA",40.625841443383,-77.8615700953652
127,2024,0,1,0,5,NA,NA,"private u-pole","Central PA",40.6632950034885,-77.7098395805754
128,2024,0,1,0,4,NA,NA,"private u-pole","Central PA",40.5989487237802,-78.0903510362175
129,2024,0,1,0,5,NA,NA,"steel pole","Central PA",40.3875083977821,-77.2404890141416
130,2024,0,1,0,2,NA,NA,"steel pole","Central PA",40.4313651592912,-77.3060002278277
131,2024,0,1,0,2,NA,NA,"steel pole","Central PA",40.4713463314018,-77.2985870312403
132,2024,0,0,0,0,NA,NA,NA,"Central PA",40.8559939842589,-77.7715195309728
133,2024,0,1,0,5,NA,NA,"private u-pole","Central PA",40.9424914563772,-77.9486166569566
134,2024,0,1,0,4,NA,NA,"private u-pole","Central PA",40.7230054614958,-78.0295003281001
135,2024,0,1,0,5,NA,NA,"private u-pole","Central PA",40.6603109026983,-78.148771027121
136,2024,0,1,0,5,NA,NA,"private u-pole","Central PA",40.7431704423393,-78.162320362902
137,2024,0,1,0,5,NA,NA,"steel pole","Central PA",40.4993186289074,-77.9336716482259
138,2024,0,1,0,3,NA,NA,"steel pole","Central PA",40.9172378175259,-77.4891311945012
139,2024,0,1,0,3,NA,NA,"steel pole","Central PA",40.3574840608898,-77.9773824551083
140,2024,0,1,0,5,NA,NA,"public u-pole","Central PA",40.5287644659617,-77.7240595588672
141,2024,0,1,0,5,NA,NA,"public u-pole","Central PA",40.6619274465417,-77.9374072615193
142,2024,0,1,0,5,NA,NA,"public u-pole","Central PA",40.3668392448595,-77.7397670505178
143,2024,0,1,0,5,NA,NA,"private u-pole","Central PA",40.5377756253201,-78.1547550576325
144,2024,0,1,0,5,NA,NA,"private u-pole","Central PA",40.7894640785751,-77.8845980803331
145,2024,0,1,0,5,NA,NA,"private u-pole","Central PA",40.6482401607392,-78.1380190043504
146,2024,0,1,0,5,1,NA,"public u-pole","Central PA",40.3343937834273,-77.7169848508282
147,2024,0,1,1,0,NA,NA,"public u-pole","Central PA",40.5682028914945,-77.9889056352115
148,2024,0,1,0,5,NA,NA,"private u-pole","Central PA",40.6642825621996,-77.9094171973092
149,2024,0,1,0,5,NA,NA,"private u-pole","Central PA",41.0010557154904,-77.4719150186962
150,2024,0,1,0,5,NA,NA,"private u-pole","Central PA",40.7343320997317,-77.6476173182485
151,2024,0,1,0,5,NA,NA,"steel pole","Central PA",40.8155905276085,-78.1192934532257
152,2024,0,1,0,5,NA,NA,"private u-pole","Central PA",40.4464191180113,-77.8824681519047
153,2024,0,1,0,3,NA,NA,"steel pole","Central PA",40.6128331555104,-77.9453413209367
154,2024,0,1,0,5,NA,NA,"private u-pole","Central PA",40.9770109499061,-77.8039656851081
155,2024,0,1,0,4,NA,NA,"steel pole","Central PA",40.742194106653,-77.457607651716
156,2024,0,1,0,5,NA,NA,"private u-pole","Central PA",40.7447686564081,-77.4501195037783
157,2024,0,1,0,5,NA,NA,"steel pole","Central PA",40.6776284979947,-77.8980674515819
158,2024,0,1,0,5,NA,NA,"steel pole","Central PA",40.5340032657466,-77.6470766847854
159,2024,0,1,0,5,NA,NA,"steel pole","Central PA",41.048133862632,-77.4632814745078
160,2024,0,0,0,0,NA,NA,NA,"Central PA",41.0367650842083,-77.7060120872201
161,2024,0,0,0,0,NA,NA,NA,"Central PA",40.8425456200656,-77.6511524728777
162,2024,0,1,0,5,NA,NA,"steel pole","Central PA",41.128049960989,-77.6954124973558
163,2024,0,0,0,0,NA,NA,NA,"Central PA",40.3279948361688,-77.2176162534122
164,2024,0,0,0,0,NA,NA,NA,"Central PA",40.7906633005757,-78.015622702973
165,2024,0,1,0,4,NA,NA,"steel pole","Central PA",41.0526368379677,-77.8221248344921
166,2024,0,1,0,4,NA,NA,"steel pole","Central PA",40.8943761226412,-77.8626928590542
167,2024,0,1,0,4,NA,NA,"private u-pole","Central PA",40.8089248098544,-77.8319000026665
168,2024,0,0,0,0,NA,NA,NA,"Central PA",40.6970115423403,-77.8846093702716
169,2024,0,0,0,0,NA,NA,NA,"Central PA",40.7064664803515,-78.0272585342788
170,2024,0,1,0,1,NA,NA,"public u-pole","Central PA",40.8809808603554,-77.698532844053
171,2024,0,1,0,5,NA,NA,"private u-pole","Central PA",40.6656927264309,-77.7438227196607
172,2024,0,1,0,4,NA,NA,"steel pole","Central PA",40.9923988914352,-77.6579628260214
173,2024,0,1,0,5,NA,NA,"steel pole","Central PA",40.8416639615547,-77.9839008158903
174,2024,0,0,0,0,NA,NA,NA,"Central PA",40.7028914609582,-77.7178668931998
175,2024,0,1,0,5,NA,NA,"steel pole","Central PA",40.7199200120343,-77.6534585217704
176,2024,0,1,0,4,NA,NA,"steel pole","Central PA",41.006644550359,-77.8226654877165
177,2024,0,1,0,5,NA,NA,"private u-pole","Central PA",40.7433625190242,-77.9068336075729
178,2024,0,1,1,0,NA,NA,"steel pole","Central PA",40.7449896787776,-78.0197374723409
179,2024,0,1,0,6,NA,NA,"steel pole","Central PA",40.4214793251572,-77.837800138527
180,2024,0,1,1,0,NA,NA,"steel pole","Central PA",40.7708944836841,-77.9157067959992
181,2024,0,1,0,5,NA,NA,"steel pole","Central PA",40.6887714299209,-77.9299317318159
182,2024,0,1,0,5,NA,NA,"steel pole","Central PA",40.9516984002735,-77.8634686448075
183,2024,0,1,0,5,NA,NA,"steel pole","Central PA",40.678266490903,-78.0407868511454
184,2024,0,1,0,1,NA,NA,"steel pole","Central PA",40.7627601384891,-77.911176941964
185,2024,0,1,0,5,NA,NA,"private u-pole","Central PA",40.4901199675182,-78.0465048944677
186,2024,0,1,0,4,NA,NA,"private u-pole","Central PA",40.3297099547038,-77.1492282172034
187,2024,0,1,0,2,NA,NA,"private u-pole","Central PA",40.3687702877024,-77.3278320952619
188,2024,0,1,0,4,NA,NA,"steel pole","Central PA",40.677703063642,-77.7632601944397
189,2024,0,1,0,5,NA,NA,"public u-pole","Central PA",40.7372009970181,-77.7857096146112
190,2024,0,1,0,5,NA,2,NA,"Central PA",40.8639526797376,-77.7888385003918
191,2024,0,1,0,4,NA,NA,"private u-pole","Central PA",40.5998989120654,-78.1390635269647
192,2024,0,1,0,5,NA,NA,"private u-pole","Central PA",40.4169531885798,-77.8758029455028
193,2024,0,1,0,8,3,NA,"steel pole","Central PA",40.7542031178023,-77.8365957050486
194,2024,0,1,0,5,NA,NA,"public u-pole","Central PA",40.7550853371726,-78.0797765050546
195,2024,0,1,0,5,NA,NA,"steel pole","Central PA",40.9343646688544,-77.7299667278943
196,2024,0,1,0,5,NA,NA,"public u-pole","Central PA",40.3139133938891,-77.4929767338899
197,2024,0,1,0,5,NA,NA,"steel pole","Central PA",40.9643201799026,-77.6632613717596
198,2024,0,1,0,5,NA,NA,"steel pole","Central PA",40.6698503051005,-77.7494346654435
199,2024,0,1,0,5,NA,NA,"public u-pole","Central PA",40.7642117826163,-77.864102942189
200,2024,0,1,0,4,NA,NA,"public u-pole","Central PA",40.751465476844,-77.9366673008246
201,2024,0,1,0,5,NA,NA,"private u-pole","Central PA",40.5972808519618,-77.9382665874923
202,2024,0,1,0,5,NA,NA,"steel pole","Central PA",40.7113148078399,-77.8079159161502
203,2024,0,1,0,3,NA,NA,"public u-pole","Central PA",40.4199530756712,-78.1033895177569
204,2024,0,1,0,4,NA,NA,"steel pole","Central PA",40.4681855718959,-77.7870556996971
205,2024,0,1,0,3,NA,NA,"steel pole","Central PA",40.5659386427084,-78.0232789339603
206,2024,0,1,0,5,NA,NA,"steel pole","Central PA",40.6345307832306,-77.664922870315
207,2024,0,0,0,0,NA,NA,NA,"Central PA",40.6862213854704,-77.8406668970384
208,2024,0,1,0,5,NA,NA,"private u-pole","Central PA",40.7903502741274,-77.7868364485056
209,2024,0,0,0,0,NA,NA,NA,"Central PA",40.7990184250503,-78.0625481546655
210,2024,0,1,0,4,NA,NA,"private u-pole","Central PA",40.5526647494069,-77.9940431067078
211,2024,0,1,0,4,NA,NA,"public u-pole","Central PA",40.8481993038681,-77.4634608447735
212,2024,0,0,0,0,NA,NA,NA,"Central PA",40.7584125518206,-77.7659179619092
213,2024,0,1,0,4,NA,NA,"public u-pole","Central PA",40.7531099369397,-77.4784254494901
214,2024,0,1,0,5,NA,NA,"public u-pole","Central PA",41.0552258118027,-77.8295267980724
215,2024,0,1,0,5,NA,NA,"private u-pole","Central PA",41.0456561677959,-77.503669762958
216,2024,0,1,0,5,NA,NA,"private u-pole","Central PA",40.7305698066248,-77.7341718582907
217,2024,0,0,0,0,NA,NA,NA,"Central PA",40.6327423664132,-77.6040777004831
218,2024,0,1,0,5,NA,NA,"steel pole","Central PA",40.7162372585543,-77.7092710914269
219,2024,0,1,0,5,NA,NA,"public u-pole","Central PA",40.9039020175544,-77.5359366308486
220,2024,0,1,1,0,NA,NA,"private u-pole","Central PA",40.6989766181605,-77.9123194506932
221,2024,0,1,0,5,NA,NA,"private u-pole","Central PA",40.7626035505946,-77.7553738289512
222,2024,0,1,0,5,NA,NA,"public u-pole","Central PA",40.5848442271389,-77.463342345161
223,2024,0,1,0,4,NA,NA,"steel pole","Central PA",40.767940954924,-77.871757769379
224,2024,0,1,0,9,4,NA,"steel pole","Central PA",40.7540699779898,-77.6096613014141
225,2024,0,1,0,8,3,NA,"private u-pole","Central PA",40.6755419375736,-77.8804696752362
1,2023,0,0,0,0,NA,NA,NA,"Central PA",40.7590212643715,-77.5152870331605
2,2023,0,1,0,4,NA,NA,"steel pole","Central PA",40.7358953768057,-77.6931553634847
3,2023,0,0,0,0,NA,NA,NA,"Central PA",40.9467812537688,-77.3751638303923
4,2023,0,1,0,5,NA,NA,"steel pole","Central PA",40.4587394899224,-77.4536753208355
5,2023,0,1,0,5,NA,NA,"steel pole","Central PA",40.4066423730582,-77.322438969562
6,2023,0,1,0,5,NA,NA,"steel pole","Central PA",40.5456697175601,-77.1469997601632
226,2023,0,0,0,0,NA,NA,NA,"Central PA",40.529197997805,-78.0530717758479
227,2023,0,1,0,4,NA,4,"private u-pole","Central PA",40.7591310814802,-77.9208220433094
7,2023,0,1,0,5,NA,NA,"steel pole","Central PA",40.678598937815,-77.9391438334674
8,2023,0,0,0,0,NA,NA,NA,"Central PA",40.9100002813134,-77.6778609476528
9,2023,0,1,0,4,NA,NA,"private u-pole","Central PA",40.8957655072272,-77.7109684750423
228,2023,0,1,0,4,NA,NA,"public u-pole","Central PA",40.8973800279385,-77.5278981406844
11,2023,0,1,0,5,NA,NA,"steel pole","Central PA",40.8116167957988,-77.5816977374935
229,2023,0,1,0,3,NA,NA,"private u-pole","Central PA",40.6587855822066,-77.6482267145623
230,2023,0,1,0,4,NA,NA,"steel pole","Central PA",40.7784697524708,-77.8093829126007
14,2023,0,0,0,0,NA,NA,NA,"Central PA",40.5795381574968,-77.6743469069713
16,2023,0,0,0,0,NA,NA,NA,"Central PA",40.2392432164362,-76.7762997558857
231,2023,0,0,0,0,NA,NA,NA,"Central PA",40.5426283452301,-76.732646309511
17,2023,0,1,0,5,NA,NA,"private u-pole","Central PA",40.5603734845461,-77.7933794199242
232,2023,0,1,0,4,NA,NA,"steel pole","Central PA",40.6051745575909,-77.88665378167
233,2023,0,1,0,5,NA,NA,"steel pole","Central PA",40.6364093572592,-78.0062609140086
20,2023,0,1,0,4,NA,NA,"steel pole","Central PA",40.5035978011817,-77.7730890881512
234,2023,0,0,0,0,NA,NA,NA,"Central PA",40.5254120138365,-77.9397563321304
235,2023,0,1,0,4,NA,NA,"public u-pole","Central PA",40.6319885486052,-77.8226340301081
22,2023,0,1,0,5,NA,NA,"other","Central PA",40.5692250661415,-77.8147586155057
23,2023,0,1,0,5,NA,NA,"steel pole","Central PA",40.5353710806828,-77.771930969487
24,2023,0,1,0,3,NA,NA,"private u-pole","Central PA",40.606615720761,-78.0511454624943
236,2023,0,1,0,5,NA,NA,"steel pole","Central PA",40.791986881572,-77.7005155136142
237,2023,0,1,0,3,NA,NA,"steel pole","Central PA",40.879475374532,-77.4569378047241
27,2023,0,1,0,4,NA,NA,"steel pole","Central PA",40.690487858125,-77.4622637551413
238,2023,0,0,0,0,NA,NA,NA,"Central PA",40.7463301393457,-77.5306924739848
239,2023,0,1,1,0,NA,NA,"private u-pole","Central PA",40.8161363813286,-77.8866804624513
240,2023,0,1,0,5,NA,NA,"private u-pole","Central PA",40.7306393620638,-77.8163006422209
31,2023,0,1,0,5,NA,NA,"private u-pole","Central PA",40.675786579926,-78.1338152110766
32,2023,0,1,0,5,NA,NA,"steel pole","Central PA",40.8747511408387,-77.5906199455143
33,2023,0,1,0,5,NA,NA,"steel pole","Central PA",40.7677746409217,-77.7649693988074
241,2023,0,1,0,5,NA,NA,"public u-pole","Central PA",40.5126202523882,-77.6842730864634
242,2023,0,1,0,5,NA,NA,"private u-pole","Central PA",40.6344917190886,-77.9234279664523
243,2023,0,1,0,5,NA,NA,"private u-pole","Central PA",40.6626811565039,-77.9947333183101
244,2023,0,1,0,5,NA,NA,"private u-pole","Central PA",40.7178762912395,-78.0405337777802
245,2023,0,1,0,4,NA,NA,"steel pole","Central PA",40.5353232792676,-77.8867172355253
39,2023,0,0,0,0,NA,NA,NA,"Central PA",40.4219178055201,-77.947880720554
246,2023,0,1,0,6,NA,NA,"private u-pole","Central PA",40.5931998522832,-77.6017521186031
41,2023,0,1,0,5,NA,NA,"private u-pole","Central PA",40.8048088801156,-77.5308465281912
43,2023,0,1,0,4,NA,NA,"private u-pole","Central PA",40.7374776012114,-77.6189731955954
44,2023,0,0,0,0,NA,NA,NA,"Central PA",40.5947424794258,-77.8518577994469
45,2023,0,1,0,4,NA,NA,"steel pole","Central PA",40.7065647317394,-77.9349430485341
247,2023,0,1,0,5,NA,NA,"private u-pole","Central PA",40.9073726402554,-78.1077082698377
48,2023,0,1,0,4,NA,NA,"steel pole","Central PA",40.9942255287486,-77.6601921957727
49,2023,0,1,0,5,NA,NA,"steel pole","Central PA",40.7040980615692,-77.7901290452649
50,2023,0,1,0,3,NA,NA,"steel pole","Central PA",40.7631152614309,-77.9090547704426
51,2023,0,1,1,0,NA,NA,"steel pole","Central PA",40.5130740516111,-77.9410623126545
52,2023,0,1,0,2,NA,NA,"steel pole","Central PA",40.5460236935475,-77.8682905183283
54,2023,0,1,0,5,NA,NA,"private u-pole","Central PA",40.5060127613693,-77.2338438191906
248,2023,0,1,0,3,NA,NA,"public u-pole","Central PA",40.5617260867165,-77.3464951320853
249,2023,0,1,0,3,NA,NA,"private u-pole","Central PA",40.2097386802432,-77.4390768519641
57,2023,0,1,0,4,NA,NA,"steel pole","Central PA",40.4329340586446,-77.2207486643857
58,2023,0,1,0,5,NA,NA,"private u-pole","Central PA",40.3710179014831,-77.1559049869859
59,2023,0,1,1,0,NA,NA,"public u-pole","Central PA",40.7497573543544,-77.6400020812325
250,2023,0,1,0,3,NA,NA,"steel pole","Central PA",40.749561860656,-77.365873213497
61,2023,0,1,0,1,NA,NA,"private u-pole","Central PA",40.6547578452438,-77.3627372410771
62,2023,0,1,1,0,NA,NA,"private u-pole","Central PA",40.7442349681433,-77.6268329708201
63,2023,0,1,0,4,NA,NA,"steel pole","Central PA",40.5290921544103,-77.7596187765669
251,2023,0,1,0,5,NA,NA,"private u-pole","Central PA",40.5964465366798,-77.8805672844464
252,2023,0,1,0,4,NA,NA,"private u-pole","Central PA",40.6248044519739,-78.0454954503816
66,2023,0,1,0,3,NA,NA,"private u-pole","Central PA",40.7235297397274,-78.0491321056663
67,2023,0,0,0,0,NA,NA,NA,"Central PA",40.7877817349593,-77.5906299867655
68,2023,0,1,0,5,NA,NA,"steel pole","Central PA",40.822594744255,-77.8961137297842
69,2023,0,1,0,4,NA,NA,"steel pole","Central PA",40.7350399598118,-77.9691121712022
253,2023,0,0,0,0,NA,NA,NA,"Central PA",40.7818396837799,-77.9241607290535
71,2023,0,0,0,0,NA,NA,NA,"Central PA",40.1080025990593,-77.2373440393792
72,2023,0,1,0,4,NA,NA,"steel pole","Central PA",40.0828251333907,-77.3624028459293
73,2023,0,1,0,5,NA,NA,"private u-pole","Central PA",40.9511704773738,-77.9775875878692
74,2023,0,0,0,0,NA,NA,NA,"Central PA",40.8696464166611,-77.775827134068
75,2023,0,1,0,3,NA,NA,"private u-pole","Central PA",40.5754355731901,-78.1269544453007
76,2023,0,1,0,5,NA,NA,"steel pole","Central PA",41.0107996467709,-77.5289711767874
254,2023,0,1,0,5,NA,NA,"private u-pole","Central PA",40.6914255058912,-77.676253954077
78,2023,0,1,1,0,NA,NA,"steel pole","Central PA",40.3441347252976,-77.689343423189
255,2023,0,1,0,5,NA,NA,"private u-pole","Central PA",40.6550550198419,-77.8201318734872
80,2023,0,1,0,2,NA,NA,"steel pole","Central PA",40.7807014268235,-77.7018245845752
81,2023,0,1,0,6,NA,NA,"private u-pole","Central PA",40.5535357051305,-77.3722155436712
82,2023,0,1,0,5,NA,NA,"steel pole","Central PA",40.7774778433195,-77.5335703414
83,2023,0,1,0,5,NA,NA,"steel pole","Central PA",40.7316429243468,-77.6689645400565
84,2023,0,0,0,0,NA,NA,NA,"Central PA",40.9539813330765,-77.4778403123758
85,2023,0,1,0,5,NA,NA,"private u-pole","Central PA",40.6259266174146,-77.6560325514443
86,2023,0,0,0,0,NA,NA,NA,"Central PA",40.7892050071439,-77.6588158044563
87,2023,0,0,0,0,NA,NA,NA,"Central PA",40.6000395065922,-77.8090041934173
256,2023,0,1,0,5,NA,NA,"public u-pole","Central PA",40.5517728140298,-77.6360760009768
91,2023,0,1,1,0,NA,NA,"steel pole","Central PA",40.5339518875638,-78.0122822385836
257,2023,0,1,0,4,NA,NA,"public u-pole","Central PA",40.5983921914723,-77.7965411149411
93,2023,0,1,0,5,NA,NA,"steel pole","Central PA",40.5819145376868,-77.4957282822711
94,2023,0,0,0,0,NA,NA,NA,"Central PA",40.4990582328621,-77.8407662188647
95,2023,0,1,0,4,NA,NA,"public u-pole","Central PA",40.7175463945525,-77.4375357463534
96,2023,0,0,0,0,NA,NA,NA,"Central PA",40.5373597285491,-77.409808933416
258,2023,0,1,0,2,NA,NA,"steel pole","Central PA",40.4867182461143,-77.3344275229757
259,2023,0,1,0,4,NA,NA,"public u-pole","Central PA",40.1962648467175,-77.2615917430532
99,2023,0,1,0,4,NA,NA,"steel pole","Central PA",40.2004351199887,-77.1940916635357
100,2023,0,0,0,0,NA,NA,NA,"Central PA",40.5651809564833,-78.1271387458944
101,NA,1,0,0,0,NA,NA,NA,"Central PA",40.7078072764288,-77.9335524370418
102,2023,0,1,0,2,NA,NA,"steel pole","Central PA",40.8329224703815,-77.7351797758878
103,2023,0,0,0,0,NA,NA,NA,"Central PA",40.9466494776311,-77.6513325614593
260,2023,0,1,0,5,NA,NA,"steel pole","Central PA",40.9429217934503,-77.603005642725
104,2023,0,1,0,5,NA,NA,"private u-pole","Central PA",40.386781117519,-77.3008018969203
105,2023,0,1,0,4,NA,NA,"private u-pole","Central PA",40.5859870148062,-77.3157015568274
107,2023,0,1,0,5,NA,NA,"steel pole","Central PA",40.8967742414169,-77.7890915693248
108,2023,0,1,0,5,NA,NA,"steel pole","Central PA",41.1569319079099,-77.5676805889991
110,2023,0,1,0,5,NA,NA,"steel pole","Central PA",40.4747338484138,-77.9852956454696
111,2023,0,1,0,3,NA,NA,"private u-pole","Central PA",40.7962043224592,-77.8700259510446
261,2023,0,0,0,0,NA,NA,NA,"Central PA",40.6316271161829,-78.192359988581
113,2023,0,1,0,5,NA,NA,"steel pole","Central PA",40.8273658586726,-77.8741167336894
114,2023,0,1,0,5,NA,NA,"private u-pole","Central PA",41.0769533994664,-77.6246663154985
115,2023,0,1,0,5,NA,NA,"other","Central PA",41.0606604301375,-77.7078514203882
262,2023,0,1,0,6,NA,NA,"steel pole","Central PA",40.902030335884,-77.5586633762383
263,2023,0,0,0,0,NA,NA,NA,"Central PA",40.6059774996139,-77.6766657866674
118,2023,0,1,0,5,NA,NA,"steel pole","Central PA",40.911273263329,-78.0079132997292
119,2023,0,1,0,5,NA,NA,"steel pole","Central PA",40.9738701764391,-77.8898038418931
120,2023,0,1,0,4,NA,NA,"steel pole","Central PA",40.7194320666513,-78.0812492011092
121,2023,0,0,0,0,NA,NA,NA,"Central PA",40.8959918915753,-77.7398222124371
122,2023,0,1,0,5,NA,NA,"private u-pole","Central PA",40.9452565580249,-77.6466690623026
123,2023,0,0,0,0,NA,NA,NA,"Central PA",40.9536348041596,-77.7572120196202
124,2023,0,1,0,5,NA,NA,"steel pole","Central PA",40.7275113377494,-77.5722664269432
125,2023,0,1,0,5,NA,NA,"steel pole","Central PA",40.7389528234897,-78.0094351526514
264,2023,0,1,0,5,NA,NA,"steel pole","Central PA",40.766392797693,-77.9299257276584
265,2023,0,0,0,0,NA,NA,NA,"Central PA",40.9031359762845,-77.8738399873436
128,2023,0,1,0,5,NA,NA,"private u-pole","Central PA",40.3843295663169,-77.926186625686
266,2023,0,1,0,4,NA,NA,"steel pole","Central PA",40.6237475676926,-77.2446800579283
130,2023,0,0,0,0,NA,NA,NA,"Central PA",40.4328343611652,-77.4138281181195
131,2023,0,1,0,5,NA,NA,"private u-pole","Central PA",40.580000309567,-77.4444484763283
132,2023,0,1,0,5,NA,NA,"private u-pole","Central PA",40.8449129591614,-77.7565710004776
133,2023,0,1,0,6,NA,NA,"private u-pole","Central PA",40.9127131532643,-77.8241847159503
267,2023,0,1,0,4,NA,NA,"private u-pole","Central PA",40.4444183681052,-77.9384048081961
135,2023,0,1,0,5,NA,NA,"private u-pole","Central PA",40.5992978287585,-77.8735505925671
136,2023,0,1,0,6,NA,NA,"private u-pole","Central PA",40.4920228102247,-78.0417242718253
268,2023,0,1,0,4,NA,NA,"steel pole","Central PA",40.7231287416632,-77.978655823677
138,2023,0,1,0,5,NA,NA,"steel pole","Central PA",40.7945726290643,-77.7070174316493
139,2023,0,1,0,4,NA,NA,"steel pole","Central PA",40.3943960323844,-78.0443343544319
140,2023,0,1,0,6,NA,NA,"public u-pole","Central PA",40.3407777595782,-77.9070207313846
141,2023,0,0,0,0,NA,NA,NA,"Central PA",40.6178627004897,-77.9994605709003
142,2023,0,1,0,5,NA,NA,"public u-pole","Central PA",40.5847262901163,-78.0282924607937
143,2023,0,1,0,4,NA,NA,"private u-pole","Central PA",40.6701734571102,-78.0111002794053
144,2023,0,1,0,5,NA,NA,"private u-pole","Central PA",40.44968984808,-77.943999048773
145,2023,0,0,0,0,NA,NA,NA,"Central PA",40.4517623796893,-78.2194651752504
146,2023,0,1,0,5,NA,NA,"public u-pole","Central PA",40.6740835735122,-78.0042777710675
147,2023,0,1,0,5,NA,NA,"public u-pole","Central PA",40.4088122129583,-77.9616762928813
148,2023,0,1,0,4,NA,NA,"private u-pole","Central PA",40.7638732907247,-77.9280850067881
149,2023,0,1,0,5,NA,NA,"private u-pole","Central PA",40.9336237920227,-77.7428357455394
150,2023,0,1,0,5,NA,NA,"private u-pole","Central PA",40.6533534156975,-77.9005527873991
151,2023,0,1,0,5,NA,NA,"steel pole","Central PA",40.5615862524616,-77.8043472264501
269,2023,0,1,0,5,NA,NA,"private u-pole","Central PA",40.7595304839703,-77.8385349981935
153,2023,0,1,0,4,NA,NA,"steel pole","Central PA",40.6435743460482,-78.0029469089071
154,2023,0,0,0,0,NA,NA,NA,"Central PA",40.9918487630972,-77.7781552835008
155,2023,0,1,0,4,NA,NA,"steel pole","Central PA",40.8029646918547,-77.3839612171332
156,2023,0,1,0,5,NA,NA,"private u-pole","Central PA",40.8599832861588,-77.7865561163099
157,2023,0,1,0,4,NA,NA,"steel pole","Central PA",40.4960363488935,-77.5863204505636
158,2023,0,1,0,5,NA,NA,"steel pole","Central PA",40.5039973799928,-77.6137276099895
159,2023,0,1,0,4,NA,NA,"steel pole","Central PA",40.9631115354212,-77.6995067525314
160,2023,0,0,0,0,NA,NA,NA,"Central PA",40.8314061479432,-77.711308594791
161,2023,0,1,0,5,NA,NA,"private u-pole","Central PA",41.1713907814514,-77.5023783998842
162,2023,0,1,0,5,NA,NA,"steel pole","Central PA",41.0889664246472,-77.7618524332002
163,2023,0,0,0,0,NA,NA,NA,"Central PA",40.336844112026,-77.0326431083221
164,2023,0,0,0,0,NA,NA,NA,"Central PA",40.9871893528197,-77.9170340705533
165,2023,0,1,0,5,NA,NA,"steel pole","Central PA",40.6763593458655,-78.0058934745781
166,2023,0,1,0,4,NA,NA,"steel pole","Central PA",40.8163412488688,-77.6700306718542
270,2023,0,1,0,4,NA,4,NA,"Central PA",40.5004497477896,-77.8463498180254
169,2023,0,1,0,4,NA,NA,"steel pole","Central PA",40.927600716434,-77.9156726739519
271,2023,0,1,0,2,NA,NA,"private u-pole","Central PA",40.8342495926722,-78.0516235268651
171,2023,0,1,0,4,NA,NA,"private u-pole","Central PA",40.9945492467857,-77.7974004002671
172,2023,0,1,0,4,NA,NA,"steel pole","Central PA",40.6546010365013,-77.6722581316125
173,2023,0,1,0,4,NA,NA,"steel pole","Central PA",40.7046900514279,-77.7770362191732
174,2023,0,0,0,0,NA,NA,NA,"Central PA",41.0047156191089,-77.801342559693
175,2023,0,1,0,2,NA,NA,"steel pole","Central PA",40.7931202149539,-77.7727096667272
176,2023,0,0,0,0,NA,NA,NA,"Central PA",40.6461144266856,-77.8876464734064
177,2023,0,0,0,0,NA,NA,NA,"Central PA",40.6406373299382,-77.6744450890085
178,2023,0,1,0,6,NA,NA,"steel pole","Central PA",40.9333463644161,-77.9241289000516
179,2023,0,1,0,5,NA,NA,"steel pole","Central PA",40.5491836153647,-77.7042028710148
180,2023,0,1,0,3,NA,NA,"steel pole","Central PA",40.4784946818115,-77.8963843252374
181,2023,0,1,0,5,NA,NA,"steel pole","Central PA",40.454799461814,-77.7354859402548
182,2023,0,0,0,0,NA,NA,NA,"Central PA",40.6994181497092,-77.9338227229588
183,2023,0,1,0,5,NA,NA,"steel pole","Central PA",40.6450105122293,-78.2049181241952
184,2023,0,1,0,5,NA,NA,"steel pole","Central PA",40.7890077583266,-78.0357905534573
185,2023,0,1,0,5,NA,NA,"private u-pole","Central PA",40.7733973613957,-78.0993387228908
272,2023,0,1,0,5,NA,NA,"private u-pole","Central PA",40.3108664327809,-77.2873614161576
188,2023,0,1,0,5,NA,NA,"steel pole","Central PA",40.6338492081364,-77.6229750966321
273,2023,0,1,0,5,NA,NA,"public u-pole","Central PA",40.8182292545148,-77.8223407733505
190,2023,0,1,0,5,NA,NA,"private u-pole","Central PA",40.8834989209577,-77.5983183036112
274,2023,0,1,0,5,NA,NA,"private u-pole","Central PA",40.5005358630389,-77.8288972060149
275,2023,0,1,0,5,NA,NA,"private u-pole","Central PA",40.4888007305826,-77.9909439027018
193,2023,0,1,0,5,NA,NA,"steel pole","Central PA",40.5177268532808,-77.9930482302694
194,2023,0,0,0,0,NA,NA,NA,"Central PA",40.6005839099282,-77.8875450997145
195,2023,0,1,0,5,NA,NA,"steel pole","Central PA",40.7818164579728,-77.4743976220195
196,2023,0,0,0,0,NA,NA,NA,"Central PA",40.4908294132282,-77.3386290037413
198,2023,0,1,0,5,NA,NA,"steel pole","Central PA",40.6417826533369,-77.8380026134123
199,2023,0,0,0,0,NA,NA,NA,"Central PA",40.7479727268114,-78.166410866631
200,2023,0,1,0,5,NA,NA,"public u-pole","Central PA",40.6564571456793,-78.1234419407031
201,2023,0,0,0,0,NA,NA,NA,"Central PA",40.6746798242682,-78.1715368166121
202,2023,0,1,0,5,NA,NA,"steel pole","Central PA",40.4714177986684,-77.9150563758293
276,2023,0,1,0,5,NA,NA,"steel pole","Central PA",40.6247689713404,-77.8993486350204
204,2023,0,0,0,0,NA,NA,NA,"Central PA",40.5537906035203,-77.7733427485287
205,2023,0,1,0,5,NA,NA,"steel pole","Central PA",40.6234940458963,-77.8753125533567
206,2023,0,0,0,0,NA,NA,NA,"Central PA",40.5277909285213,-77.9884185268449
277,2023,0,1,0,4,NA,NA,"public u-pole","Central PA",40.7349087931347,-77.5601957307255
207,2023,0,1,1,0,NA,NA,"steel pole","Central PA",40.900921710397,-77.5540550097845
278,2023,0,0,0,0,NA,NA,NA,"Central PA",40.6424542266321,-77.6675848266185
209,2023,0,1,0,5,NA,NA,"private u-pole","Central PA",40.8307495009369,-78.0379973026722
210,2023,0,1,0,4,NA,NA,"private u-pole","Central PA",40.8039494745328,-77.7571702507613
279,2023,0,0,0,0,NA,NA,NA,"Central PA",40.8163761524957,-77.4517172347938
280,2023,0,1,0,5,NA,NA,"public u-pole","Central PA",40.8564928870987,-77.4318429995838
281,2023,0,1,1,0,NA,NA,"public u-pole","Central PA",41.0199192522673,-77.5422797312806
282,2023,0,1,0,5,NA,NA,"public u-pole","Central PA",40.9013768636592,-77.6311675007634
283,2023,0,0,0,0,NA,NA,NA,"Central PA",41.0264496872071,-77.4523929467166
284,2023,0,1,0,5,NA,NA,"private u-pole","Central PA",40.8676216097388,-77.6375239020337
285,2023,0,0,0,0,NA,NA,NA,"Central PA",40.6579780292927,-77.9416612540842
286,2023,0,1,0,3,NA,NA,"private u-pole","Central PA",40.6821831434191,-77.7830939214856
287,2023,0,1,0,4,NA,NA,"public u-pole","Central PA",41.0290596120489,-77.4651864789946
288,2023,0,0,0,0,NA,NA,NA,"Central PA",40.6127473703066,-77.8938842187552
222,2023,0,1,0,4,NA,NA,"public u-pole","Central PA",40.4220914375074,-77.5132494279459
289,2023,0,1,0,4,NA,NA,"private u-pole","Central PA",40.432325053976,-77.6660312444512
223,2023,0,1,0,4,NA,NA,"steel pole","Central PA",40.6156502065848,-77.73026061261
224,2023,0,1,0,5,NA,NA,"steel pole","Central PA",40.6108087084167,-77.5312078650134
225,2023,0,1,0,8,5,NA,"private u-pole","Central PA",40.6805934626039,-77.7744077129893
1,2022,0,1,0,4,NA,NA,"steel pole","Central PA",41.0022121550153,-77.6046442214114
2,2022,0,1,0,5,NA,NA,"steel pole","Central PA",41.0186142178854,-77.5164246323551
3,2022,0,0,0,0,NA,NA,NA,"Central PA",40.7819275239023,-77.6698716774995
4,2022,0,1,0,5,NA,NA,"steel pole","Central PA",40.5313068057877,-77.4094313212649
5,2022,0,1,0,5,NA,NA,"steel pole","Central PA",40.26523808759,-77.5250162450655
6,2022,0,1,1,0,NA,NA,"steel pole","Central PA",40.4857749860124,-77.2159898032483
226,2022,0,1,0,2,NA,NA,"private u-pole","Central PA",40.7020218930396,-77.9223548183235
7,2022,0,1,0,5,NA,NA,"steel pole","Central PA",40.8911489955652,-77.8199365255848
8,2022,0,1,0,3,NA,NA,"private u-pole","Central PA",40.8449008224513,-77.8195286717741
9,2022,0,1,0,2,NA,NA,"private u-pole","Central PA",41.0156976998844,-77.8063273512743
228,2022,0,1,0,3,NA,NA,"public u-pole","Central PA",40.9178029162994,-77.5912323999821
11,2022,0,1,0,1,NA,NA,"steel pole","Central PA",40.8487189618964,-77.7496021384122
229,2022,0,1,0,4,NA,NA,"private u-pole","Central PA",40.6550680518741,-77.9697875713553
230,2022,0,1,0,3,NA,NA,"steel pole","Central PA",40.4932155628193,-77.689555930896
14,2022,0,1,0,5,NA,NA,"private u-pole","Central PA",40.6405287600199,-77.708645517286
16,2022,0,0,0,0,NA,NA,NA,"Central PA",40.2185130489952,-76.7966983176353
290,2022,0,0,0,0,NA,NA,NA,"Central PA",40.4488771499707,-76.7447820020106
17,2022,0,0,0,0,NA,NA,NA,"Central PA",40.5257355624976,-77.8214369287467
232,2022,0,1,0,4,NA,NA,"steel pole","Central PA",40.4018528080602,-77.6809969937306
233,2022,0,0,0,0,NA,NA,NA,"Central PA",40.5020870082771,-77.9349488874222
20,2022,0,1,0,5,NA,NA,"steel pole","Central PA",40.5647742883333,-77.8290492798443
234,2022,0,1,0,5,NA,NA,"steel pole","Central PA",40.6658493001836,-78.0582120102618
235,2022,0,1,0,5,NA,NA,"public u-pole","Central PA",40.359126243765,-78.0199723812498
22,2022,0,1,0,5,NA,NA,"other","Central PA",40.484909079117,-77.9521568323791
23,2022,0,1,0,5,NA,NA,"steel pole","Central PA",40.2924626008507,-77.7232312485381
24,2022,0,1,0,4,NA,NA,"private u-pole","Central PA",40.619084494819,-77.7819629664421
236,2022,0,1,0,5,NA,NA,"steel pole","Central PA",40.9430439112738,-77.5462742237638
237,2022,1,0,0,0,NA,NA,NA,"Central PA",40.8785561346571,-77.5384931245809
27,2022,0,1,0,5,NA,NA,"steel pole","Central PA",40.9105805066721,-77.6573403855921
238,2022,0,1,0,9,4,NA,"private u-pole","Central PA",40.8019861263476,-77.7521607761267
239,2022,0,1,0,5,NA,NA,"private u-pole","Central PA",40.7840499540051,-77.8053357449896
240,2022,0,1,0,5,NA,NA,"private u-pole","Central PA",40.8925729239439,-77.6980576734157
31,2022,0,1,0,4,NA,NA,"private u-pole","Central PA",40.6514322431427,-77.9702795631442
32,2022,0,0,0,0,NA,NA,NA,"Central PA",40.6741678245461,-77.792995240155
33,2022,0,1,0,4,NA,NA,"steel pole","Central PA",40.8659946848305,-77.5305670217421
243,2022,0,1,0,5,NA,NA,"private u-pole","Central PA",40.8132249412266,-77.7818606218284
244,2022,0,1,1,0,NA,NA,"steel pole","Central PA",40.5718434954638,-77.873861018929
245,2022,0,1,1,0,NA,NA,"steel pole","Central PA",40.7422189061627,-77.9316588838074
39,2022,0,1,0,5,NA,NA,"private u-pole","Central PA",40.811532957365,-77.8183654290829
41,2022,0,1,0,5,NA,NA,"private u-pole","Central PA",40.7518280817258,-77.8071084917002
43,2022,0,0,0,0,NA,NA,NA,"Central PA",40.7713516752085,-77.8706798595802
44,2022,0,1,0,5,NA,NA,"steel pole","Central PA",40.705712310289,-77.6178751799899
45,2022,0,1,0,4,NA,NA,"steel pole","Central PA",40.9251641871705,-77.9258645646918
247,2022,0,0,0,0,NA,NA,NA,"Central PA",40.589606485046,-77.8084829201134
48,2022,1,0,0,0,NA,NA,NA,"Central PA",40.9998863634708,-77.3540374419462
49,2022,0,1,1,0,NA,NA,"steel pole","Central PA",40.8450204900505,-77.7657280293834
50,2022,0,1,0,5,NA,NA,"steel pole","Central PA",40.7366967948442,-77.9164931186763
51,2022,0,1,0,5,NA,NA,"steel pole","Central PA",40.6431569624916,-77.8800066612542
52,2022,0,1,0,4,NA,NA,"steel pole","Central PA",40.5017016073287,-78.0277961048407
54,2022,0,0,0,0,NA,NA,NA,"Central PA",40.5722377773933,-77.3807509181545
248,2022,0,1,0,4,NA,NA,"public u-pole","Central PA",40.4459301568003,-77.5386255288798
249,2022,0,1,0,4,NA,NA,"private u-pole","Central PA",40.4623887230528,-77.494852953408
57,2022,0,1,0,5,NA,NA,"public u-pole","Central PA",40.2508071656346,-77.157850531063
58,2022,0,0,0,0,NA,NA,NA,"Central PA",40.1948475698709,-77.3845501962089
250,2022,0,1,0,1,NA,NA,"steel pole","Central PA",40.6064017727613,-77.5800109132314
61,2022,0,1,0,3,NA,NA,"private u-pole","Central PA",40.9060812170901,-77.6820640931529
62,2022,0,1,0,5,NA,NA,"private u-pole","Central PA",40.8667252217222,-77.5946424825413
63,2022,0,1,0,5,NA,NA,"steel pole","Central PA",40.5613177186256,-77.9135898202616
251,2022,0,1,0,4,NA,NA,"private u-pole","Central PA",40.4389212293672,-78.0203198206204
252,2022,0,1,0,5,NA,NA,"private u-pole","Central PA",40.5649804451556,-77.8338918904554
66,2022,0,1,0,5,NA,NA,"private u-pole","Central PA",40.7626211557101,-77.8067599448889
67,2022,0,1,0,4,NA,NA,"steel pole","Central PA",40.7816232640381,-77.8415072447608
68,2022,0,0,0,0,NA,NA,NA,"Central PA",40.7742345443081,-77.9240104360785
69,2022,0,1,0,8,4,NA,"steel pole","Central PA",40.7152142641705,-77.9495415594124
253,2022,0,1,0,5,NA,NA,"steel pole","Central PA",40.4699710948741,-77.9704991872265
71,2022,0,1,0,4,NA,NA,"steel pole","Central PA",40.1866595495591,-77.2980351876081
72,2022,0,0,0,0,NA,NA,NA,"Central PA",40.2609521596692,-77.191221965487
73,2022,0,0,0,0,NA,NA,NA,"Central PA",40.9528805943301,-77.8988294643522
74,2022,0,1,0,4,NA,NA,"private u-pole","Central PA",40.6868424353755,-77.8692832137857
75,2022,0,1,0,3,NA,NA,"private u-pole","Central PA",40.650562218811,-77.9067180784998
76,2022,0,0,0,0,NA,NA,NA,"Central PA",40.9621248622633,-77.7113554914548
254,2022,0,1,0,5,NA,5,NA,"Central PA",40.5565358654184,-77.7695349930207
78,2022,0,1,0,5,NA,NA,"steel pole","Central PA",40.642603040899,-77.7944555897986
255,2022,0,1,0,5,NA,NA,"private u-pole","Central PA",40.403692979948,-77.7739799021358
80,2022,0,1,0,4,NA,NA,"steel pole","Central PA",40.7046615645632,-77.5362152516561
81,2022,0,1,0,5,NA,NA,"private u-pole","Central PA",40.8894878965579,-77.6422865042301
82,2022,0,1,0,5,NA,NA,"steel pole","Central PA",40.6683152200705,-77.7603104682705
83,2022,0,1,0,4,NA,NA,"steel pole","Central PA",40.857719721184,-77.5720431215424
85,2022,0,0,0,0,NA,NA,NA,"Central PA",40.8107276124627,-77.9974550652235
86,2022,0,1,1,0,NA,NA,NA,"Central PA",40.8587080582796,-78.0001353168459
87,2022,0,1,0,4,NA,4,NA,"Central PA",40.8297954158674,-78.0088211198929
91,2022,0,1,0,2,NA,NA,"steel pole","Central PA",40.5988553386004,-77.7424589067321
257,2022,0,1,0,5,NA,NA,"public u-pole","Central PA",40.6618562301051,-78.0382108030355
93,2022,0,1,0,5,NA,NA,"steel pole","Central PA",40.7215412722974,-77.5958096461502
94,2022,0,1,0,4,NA,NA,"steel pole","Central PA",40.7524385107081,-77.5782053765853
95,2022,0,1,0,3,NA,NA,"public u-pole","Central PA",40.9142833264465,-77.5899715327236
96,2022,0,1,0,4,NA,NA,"private u-pole","Central PA",40.3469887470607,-77.2909190382413
100,2022,0,0,0,0,NA,NA,NA,"Central PA",40.5768877547276,-78.141738750057
101,NA,1,NA,NA,0,NA,NA,NA,"Central PA",40.8214867824066,-77.8881590038062
102,2022,0,1,0,5,NA,NA,"steel pole","Central PA",40.6612630547006,-77.6977895975389
103,2022,0,0,0,0,NA,NA,NA,"Central PA",40.8748171344402,-77.9544290711842
260,2022,0,1,0,5,NA,NA,"steel pole","Central PA",40.9321754409826,-77.94449199252
104,2022,0,1,0,5,NA,NA,"private u-pole","Central PA",40.5924810516775,-77.4103241328726
105,2022,0,0,0,0,NA,NA,NA,"Central PA",40.5609291988596,-77.4196562695946
108,2022,0,0,0,0,NA,NA,NA,"Central PA",41.0193303275322,-77.5317847915751
110,2022,0,1,0,4,NA,NA,"steel pole","Central PA",40.5246980967097,-78.1079667123461
111,2022,0,1,0,4,NA,NA,"private u-pole","Central PA",40.7999256290253,-77.978153355794
261,2022,0,1,0,4,NA,NA,"private u-pole","Central PA",40.3722040020098,-77.9146942771074
113,2022,0,1,0,5,NA,NA,"steel pole","Central PA",41.0234876898177,-77.8579633654287
114,2022,0,1,0,5,NA,NA,"private u-pole","Central PA",41.1125656535905,-77.6694309692781
115,2022,0,0,0,0,NA,NA,NA,"Central PA",41.1089012982328,-77.8004610066755
262,2022,0,1,0,5,NA,NA,"steel pole","Central PA",40.720596996467,-77.7263285412492
263,2022,0,0,0,0,NA,NA,NA,"Central PA",40.6614572043888,-77.8179823136094
119,2022,0,1,0,5,NA,NA,"steel pole","Central PA",40.6874736772747,-77.9937570009348
120,2022,0,1,0,5,NA,NA,"steel pole","Central PA",40.9477079064495,-77.9362772274739
121,2022,0,1,1,0,NA,NA,NA,"Central PA",40.9081009942566,-77.6753629552368
122,2022,0,1,0,5,NA,NA,"private u-pole","Central PA",40.831638927722,-77.5597751316439
124,2022,0,1,0,5,NA,NA,"steel pole","Central PA",41.0413337140118,-77.6523720240034
125,2022,0,1,0,2,NA,NA,"steel pole","Central PA",40.6151857500372,-78.0139295149759
264,2022,0,1,0,5,NA,NA,"steel pole","Central PA",40.5975928191983,-78.0186069049877
128,2022,0,0,0,0,NA,NA,NA,"Central PA",40.6072072362101,-78.2443053942439
266,2022,0,1,0,5,NA,NA,"steel pole","Central PA",40.5953612945507,-77.3304145145196
130,2022,0,1,0,5,NA,5,NA,"Central PA",40.5606321954609,-77.2808036565521
131,2022,0,0,0,0,NA,NA,NA,"Central PA",40.5875260052412,-77.5637125663895
132,2022,0,1,0,5,NA,NA,"private u-pole","Central PA",40.6109060715802,-77.8135005763158
133,2022,0,1,0,5,NA,NA,"private u-pole","Central PA",40.8707079672952,-77.9114107476709
267,2022,0,1,0,4,NA,NA,"private u-pole","Central PA",40.6887201266255,-78.152922476272
135,2022,0,1,1,0,NA,NA,"private u-pole","Central PA",40.5710510994031,-78.1956677388579
136,2022,0,1,0,5,NA,NA,"private u-pole","Central PA",40.7623722426596,-78.0752372742954
268,2022,0,1,0,4,NA,NA,"steel pole","Central PA",40.7725228750708,-78.1231519575074
138,2022,0,0,0,0,NA,NA,NA,"Central PA",40.7868930259086,-77.6807382285213
139,2022,0,1,0,5,NA,NA,"steel pole","Central PA",40.6390069760296,-78.1781419238947
140,2022,0,0,0,0,NA,NA,NA,"Central PA",40.5243833608442,-77.7800162467385
141,2022,0,1,0,5,NA,NA,"public u-pole","Central PA",40.4767016185497,-77.8965830228427
142,2022,0,1,0,5,NA,NA,"public u-pole","Central PA",40.6646592210888,-77.8354809004423
143,2022,0,1,0,5,NA,NA,"private u-pole","Central PA",40.4926734585631,-77.9394934725534
144,2022,0,1,0,4,NA,NA,"private u-pole","Central PA",40.526039501663,-77.8801718838362
145,2022,0,1,0,6,NA,NA,"private u-pole","Central PA",40.4937091346664,-77.8996987278367
146,2022,0,1,0,5,NA,NA,"public u-pole","Central PA",40.4333484059679,-77.9913929433643
148,2022,0,1,0,5,NA,NA,"private u-pole","Central PA",40.6652774924297,-77.9902462837433
149,2022,0,1,0,5,NA,NA,"private u-pole","Central PA",41.0699159985187,-77.3824068266412
150,2022,0,1,0,5,NA,NA,"private u-pole","Central PA",40.6704564505141,-77.9960225454999
151,2022,0,1,0,4,NA,NA,"steel pole","Central PA",40.6555234421524,-77.9024361303615
269,2022,0,0,0,0,NA,NA,NA,"Central PA",40.7327431854251,-78.1345536783786
153,2022,0,1,0,5,NA,NA,"steel pole","Central PA",40.7914039335264,-77.9628406633112
155,2022,0,1,0,5,NA,NA,"steel pole","Central PA",40.7691516140845,-77.5122494161407
156,2022,0,1,0,5,NA,NA,"private u-pole","Central PA",40.9753818328396,-77.5848968329885
157,2022,0,1,0,5,NA,2,NA,"Central PA",40.4705834050953,-77.7058403671129
158,2022,0,1,0,4,NA,NA,"steel pole","Central PA",40.7018233641839,-77.9377207483997
159,2022,0,1,0,5,NA,NA,"steel pole","Central PA",40.8566002058411,-77.5148613826962
160,2022,0,1,1,0,NA,NA,"steel pole","Central PA",40.8764097253581,-77.5212944847511
161,2022,0,1,0,5,NA,NA,"private u-pole","Central PA",40.8244097670469,-77.5088352710286
162,2022,0,1,0,5,NA,NA,"steel pole","Central PA",40.8202207827712,-77.3686080608919
163,2022,0,0,0,0,NA,NA,NA,"Central PA",40.4481503804684,-77.1809614384275
164,2022,0,1,0,5,NA,NA,"steel pole","Central PA",40.7090594081488,-77.9835796340238
165,2022,0,0,0,0,NA,NA,NA,"Central PA",40.8284481434236,-78.0360407759838
166,2022,0,1,0,5,NA,NA,"steel pole","Central PA",40.8895391026203,-77.7400088580629
270,2022,0,0,0,0,NA,NA,NA,"Central PA",40.5535526651069,-78.0727501946023
169,2022,0,0,0,0,NA,NA,NA,"Central PA",40.9542811248522,-77.7867634968982
271,2022,0,1,0,5,NA,NA,"private u-pole","Central PA",40.6268966902113,-77.8049958392954
171,2022,0,1,0,5,NA,NA,"private u-pole","Central PA",40.6780947886421,-77.9912111374933
173,2022,0,1,1,0,NA,NA,"steel pole","Central PA",41.0104223615255,-77.8543992897394
174,2022,0,1,0,5,NA,NA,"private u-pole","Central PA",40.791520627647,-77.8409013126917
175,2022,0,1,0,5,NA,NA,"steel pole","Central PA",40.851702567987,-77.9591244397444
176,2022,0,1,0,2,NA,NA,"private u-pole","Central PA",40.9857762921807,-77.7966844307469
177,2022,0,1,1,0,NA,NA,"private u-pole","Central PA",40.6271988720357,-77.6924260946548
178,2022,0,1,0,6,NA,NA,"steel pole","Central PA",40.7220204316563,-77.9783973019128
179,2022,0,1,0,4,NA,NA,"steel pole","Central PA",40.6858342788858,-77.7996983279376
180,2022,0,1,0,4,NA,NA,"steel pole","Central PA",40.4975422581868,-77.8157559003545
182,2022,0,0,0,0,NA,NA,NA,"Central PA",40.7069436619128,-78.0057707224436
183,2022,0,1,0,5,NA,NA,"steel pole","Central PA",40.6841354034843,-78.1975513874963
184,2022,0,1,0,4,NA,NA,"steel pole","Central PA",40.869087842643,-77.6797589673206
185,2022,0,1,0,4,NA,NA,"private u-pole","Central PA",40.676048496926,-77.9049592030334
272,2022,0,0,0,0,NA,NA,NA,"Central PA",40.3180512553589,-77.145579366416
188,2022,0,0,0,0,NA,NA,NA,"Central PA",40.8991716803847,-77.7461389252584
291,2022,0,0,0,0,NA,NA,NA,"Central PA",40.9930139765612,-77.5936880198508
274,2022,0,1,0,6,NA,NA,"private u-pole","Central PA",40.417042795901,-77.9589594102418
275,2022,0,0,0,0,NA,NA,NA,"Central PA",40.4377698911618,-78.0261012240953
193,2022,0,1,0,5,NA,NA,"steel pole","Central PA",40.6617762985412,-77.9736434415816
194,2022,0,1,0,5,NA,NA,"public u-pole","Central PA",40.5256966251054,-77.911878634663
195,2022,0,1,0,5,NA,NA,"steel pole","Central PA",41.0163628173218,-77.7845733342399
198,2022,0,1,0,4,NA,NA,"steel pole","Central PA",40.8034745195001,-77.92295785038
201,2022,0,1,0,4,NA,NA,"private u-pole","Central PA",40.5751313931548,-77.908249505006
276,2022,0,1,0,4,NA,NA,"steel pole","Central PA",40.6092212490417,-78.1444671835552
292,2022,0,0,0,0,NA,NA,NA,"Central PA",40.8150253112639,-78.0752601629778
204,2022,0,1,0,5,NA,NA,"steel pole","Central PA",40.591166779248,-77.7119946370668
205,2022,0,1,0,4,NA,NA,"steel pole","Central PA",40.6805790225917,-77.9942079322518
206,2022,0,1,0,4,NA,NA,"steel pole","Central PA",40.7186911737371,-77.8873123678284
277,2022,0,0,0,0,NA,NA,NA,"Central PA",40.7580419656021,-77.7874872291518
207,2022,0,0,0,0,NA,NA,"steel pole","Central PA",40.9941618686568,-77.5584707814291
278,2022,0,1,0,4,NA,NA,"private u-pole","Central PA",40.6313536692788,-77.6496630895958
209,2022,0,1,0,6,NA,NA,"private u-pole","Central PA",40.926401567015,-78.1013609798424
210,2022,0,0,0,0,NA,NA,NA,"Central PA",40.6624151713109,-77.9842036707616
279,2022,0,1,0,5,NA,NA,"public u-pole","Central PA",40.9626103127849,-77.7566469316554
280,2022,0,1,0,4,NA,NA,"public u-pole","Central PA",40.978390050527,-77.7091501717966
281,2022,0,1,0,5,NA,NA,"public u-pole","Central PA",41.0195857828131,-77.5515739477086
282,2022,0,1,0,2,NA,NA,"public u-pole","Central PA",40.8984150751465,-77.7835222926169
283,2022,0,1,0,5,NA,NA,"private u-pole","Central PA",41.0295237973202,-77.6544161863366
286,2022,0,1,0,5,NA,NA,"private u-pole","Central PA",40.6848148045287,-77.7480204109282
287,2022,0,1,0,3,NA,NA,"public u-pole","Central PA",40.6918752751742,-77.673272458609
222,2022,0,1,0,5,NA,NA,"public u-pole","Central PA",40.3962331753261,-77.3000106080711
289,2022,0,1,0,5,NA,NA,"private u-pole","Central PA",40.5530079174946,-78.0433911865186
223,2022,0,1,1,0,NA,NA,"steel pole","Central PA",40.5893548319716,-77.9325337639816
224,2022,0,1,0,5,NA,NA,"steel pole","Central PA",40.5058190120295,-77.7869189580927
225,2022,0,1,0,8,4,NA,"private u-pole","Central PA",40.7137523603055,-77.5981905820452
1,2021,0,1,1,0,NA,NA,NA,"Central PA",40.707732004636,-77.5658285644551
2,2021,0,1,0,5,NA,NA,"steel pole","Central PA",41.0259652431724,-77.5239890643428
4,2021,0,1,0,5,NA,NA,"steel pole","Central PA",40.192070006067,-77.1402652000055
5,2021,0,1,0,5,NA,NA,"steel pole","Central PA",40.1674203061156,-77.3890256890154
6,2021,0,0,0,0,NA,NA,NA,"Central PA",40.4493382542715,-77.5106841656428
226,2021,0,1,0,1,NA,NA,"private u-pole","Central PA",40.4709520009535,-77.8302711756917
7,2021,0,0,0,0,NA,NA,NA,"Central PA",40.8821406644341,-77.9582965769298
8,2021,0,0,0,0,NA,NA,NA,"Central PA",40.7782120579834,-77.6406346315994
9,2021,0,1,0,2,NA,NA,"private u-pole","Central PA",41.0957470519528,-77.6498222737558
228,2021,0,1,0,5,NA,NA,"public u-pole","Central PA",40.9599132741986,-77.4791043239317
11,2021,0,1,0,1,NA,NA,"steel pole","Central PA",40.9601199654956,-77.5796072640205
229,2021,0,1,0,3,NA,NA,"private u-pole","Central PA",40.6413745562205,-77.9421995826621
230,2021,0,1,0,5,NA,NA,"steel pole","Central PA",40.7222824612137,-77.8467894790603
14,2021,0,1,0,4,NA,NA,"private u-pole","Central PA",40.4693059474306,-77.7402456250043
290,2021,0,0,0,0,NA,NA,NA,"Central PA",40.5483443035385,-76.758335566913
17,2021,0,1,0,5,NA,NA,"private u-pole","Central PA",40.37032828016,-77.9024947835816
232,2021,0,0,0,0,NA,NA,NA,"Central PA",40.469805740105,-77.7018107635778
20,2021,0,1,0,4,NA,NA,"steel pole","Central PA",40.3327738225491,-77.6717854546624
234,2021,0,0,0,0,NA,NA,NA,"Central PA",40.3369486988413,-77.8348206138958
235,2021,0,1,0,5,NA,NA,"public u-pole","Central PA",40.3432537283995,-77.9408179806292
22,2021,0,1,0,5,NA,NA,"steel pole","Central PA",40.4848994774607,-78.054583948043
23,2021,0,0,0,0,NA,NA,NA,"Central PA",40.5052284192193,-77.8258174062511
24,2021,0,1,0,5,NA,NA,"private u-pole","Central PA",40.3196708698543,-77.9822090451494
236,2021,0,1,0,4,NA,NA,"steel pole","Central PA",40.8014825556457,-77.5264131208215
237,NA,1,0,0,0,NA,NA,NA,"Central PA",40.7771111989516,-77.6562678328706
27,2021,0,1,0,4,NA,NA,"steel pole","Central PA",40.9823738293098,-77.4815494965897
238,2021,0,1,0,4,NA,NA,"private u-pole","Central PA",40.7308429996736,-77.5948724756013
239,2021,0,1,0,5,NA,NA,"private u-pole","Central PA",40.658625158873,-77.5348241584912
31,2021,0,1,0,5,NA,NA,"private u-pole","Central PA",40.8895303778019,-77.8329241222891
32,2021,0,1,0,4,NA,NA,"steel pole","Central PA",40.9811254314242,-77.7430420406045
33,2021,0,1,0,5,NA,NA,"steel pole","Central PA",40.8055815336893,-77.7388975741152
243,2021,0,1,0,4,NA,NA,"private u-pole","Central PA",40.6167354885628,-78.0240403630732
245,2021,0,1,0,2,NA,NA,"steel pole","Central PA",40.7655547360055,-77.8781206049446
39,2021,0,1,0,5,NA,NA,"private u-pole","Central PA",40.619733942372,-77.9759346257169
41,2021,0,1,0,5,NA,NA,"private u-pole","Central PA",40.752641280188,-77.5385301517733
43,2021,0,1,0,4,NA,NA,"private u-pole","Central PA",40.7262664398959,-77.6816997580656
45,2021,0,1,0,4,NA,NA,"steel pole","Central PA",40.578888198018,-78.0565221114728
48,2021,0,1,0,5,NA,NA,"steel pole","Central PA",40.7214446185212,-77.4010385638844
50,2021,0,1,0,4,NA,NA,"steel pole","Central PA",40.5817416108502,-78.0891625731541
52,2021,0,1,0,2,NA,NA,"steel pole","Central PA",40.5794970469148,-77.9484049896819
249,2021,0,1,0,5,NA,NA,"private u-pole","Central PA",40.5653176325259,-77.4873545249962
57,2021,0,0,0,0,NA,NA,NA,"Central PA",40.3677760488361,-77.5106095445743
58,2021,0,1,0,4,NA,NA,"private u-pole","Central PA",40.2630104912213,-77.5110721463309
250,2021,0,1,0,2,NA,NA,"steel pole","Central PA",40.7727675058521,-77.7197013990143
61,2021,0,0,0,0,NA,NA,NA,"Central PA",40.6409417144306,-77.4584082618047
62,2021,0,1,0,2,NA,NA,"private u-pole","Central PA",40.8535345250543,-77.7348200602753
63,2021,0,1,0,5,NA,NA,"steel pole","Central PA",40.5021910668729,-78.0541647439781
251,2021,0,1,0,2,NA,NA,"private u-pole","Central PA",40.5935365533578,-77.7623691860179
252,2021,0,1,0,2,NA,NA,"private u-pole","Central PA",40.53392068856,-78.0093695115079
66,2021,0,1,0,5,NA,NA,"private u-pole","Central PA",40.7717359533097,-77.9801571250475
67,2021,0,1,0,5,NA,NA,"steel pole","Central PA",40.977647923966,-77.6056805865827
69,2021,0,1,0,5,NA,NA,"steel pole","Central PA",40.8491980237525,-77.9792551739768
253,2021,0,1,0,3,NA,NA,"steel pole","Central PA",40.709421488305,-78.0269010599545
71,2021,0,0,0,0,NA,NA,NA,"Central PA",40.1290854958916,-77.1968627100424
72,2021,0,1,0,4,NA,NA,"steel pole","Central PA",40.4249769645743,-77.0629594911922
73,2021,0,0,0,0,NA,NA,NA,"Central PA",40.5875374918899,-77.7704617305831
75,2021,0,1,0,3,NA,NA,"private u-pole","Central PA",40.7203839105104,-78.158071780542
76,2021,0,1,0,4,NA,NA,"steel pole","Central PA",41.2064600571267,-77.8067298496209
254,2021,0,1,0,4,NA,NA,"private u-pole","Central PA",40.3425529044641,-77.7524189092571
78,2021,0,1,0,4,NA,NA,"steel pole","Central PA",40.4038935576033,-77.4910051281353
255,2021,0,1,0,5,NA,NA,"private u-pole","Central PA",40.5729608673839,-77.6601464545901
80,2021,0,1,0,5,NA,NA,"steel pole","Central PA",40.70496705122,-77.6237959455418
81,2021,0,1,0,5,NA,NA,"private u-pole","Central PA",40.5584431345351,-77.5830105733896
82,2021,0,1,1,0,NA,NA,"steel pole","Central PA",40.7521137234806,-77.5083536963045
83,2021,0,1,0,5,NA,NA,"steel pole","Central PA",40.5463056984403,-77.7303062250201
86,2021,0,1,0,5,NA,NA,"steel pole","Central PA",40.8389740345819,-77.8969638064103
87,NA,1,NA,NA,0,NA,NA,NA,"Central PA",40.7333421998474,-77.7256604184057
91,2021,0,1,0,3,NA,NA,"steel pole","Central PA",40.6719949819902,-77.8514271349269
93,2021,0,1,0,5,NA,NA,"steel pole","Central PA",40.6310118794515,-77.6761678250638
94,2021,0,1,0,5,NA,NA,"steel pole","Central PA",40.6210669594217,-77.864724802134
100,2021,0,0,0,0,NA,NA,NA,"Central PA",40.8964825782966,-77.86882165849
101,2021,0,0,0,0,NA,NA,NA,"Central PA",40.8271288597333,-77.9918457941607
102,2021,0,1,0,3,NA,NA,"steel pole","Central PA",40.6294726267439,-77.7249264193975
260,2021,0,1,0,4,NA,NA,"steel pole","Central PA",40.9315573170675,-77.7940183687041
110,2021,0,1,0,5,NA,NA,"steel pole","Central PA",40.6787082381643,-78.1059985399673
111,2021,0,1,0,4,NA,NA,"private u-pole","Central PA",40.7581609269362,-78.0888939549233
113,2021,0,1,0,4,NA,NA,"steel pole","Central PA",40.847881451907,-78.1512101124232
115,2021,0,0,0,0,NA,NA,NA,"Central PA",41.032498659939,-77.4124233663535
262,2021,0,1,0,4,NA,NA,"steel pole","Central PA",40.983540176745,-77.8872377119997
263,2021,0,0,0,0,NA,NA,NA,"Central PA",40.6079448887505,-77.649857960655
120,2021,0,1,0,5,NA,NA,"steel pole","Central PA",40.9385204083195,-77.8828153741523
121,2021,0,1,0,2,NA,NA,"private u-pole","Central PA",40.7118847504717,-77.6886269842442
122,2021,0,1,0,5,NA,NA,"private u-pole","Central PA",40.9981064974904,-77.6547764800313
124,2021,0,1,0,4,NA,NA,"steel pole","Central PA",40.9265303494183,-77.4669550792127
125,2021,0,1,0,4,NA,NA,"steel pole","Central PA",40.6133546936734,-77.9279575107784
264,2021,0,1,0,4,NA,NA,"steel pole","Central PA",40.7542525810146,-77.7397113608201
128,2021,0,1,0,5,NA,NA,"private u-pole","Central PA",40.5657481605692,-77.9204545186166
266,2021,0,1,0,5,NA,NA,"steel pole","Central PA",40.3381515561136,-77.2361788895879
130,2021,0,1,0,5,NA,NA,"steel pole","Central PA",40.5364127090642,-77.2215529295356
131,2021,0,0,0,0,NA,NA,NA,"Central PA",40.389401954799,-77.3869816761899
132,2021,0,1,0,4,NA,NA,"private u-pole","Central PA",40.8336657801561,-77.6350483850933
133,2021,0,1,0,5,NA,NA,"private u-pole","Central PA",40.7455704855498,-77.8835227227932
267,2021,0,1,0,3,NA,NA,"private u-pole","Central PA",40.6928920284737,-78.085194721355
135,2021,0,0,0,0,NA,NA,NA,"Central PA",40.7262043080016,-78.1989290647388
136,2021,0,1,0,4,NA,NA,"private u-pole","Central PA",40.5437676340344,-78.0643416668612
268,2021,0,1,0,4,NA,NA,"steel pole","Central PA",40.7021334186757,-77.9851475099876
139,2021,0,1,0,4,NA,NA,"steel pole","Central PA",40.5262381232257,-78.1475470090225
141,2021,0,0,0,0,NA,NA,NA,"Central PA",40.6409926462968,-77.8169984139638
142,2021,0,1,0,5,NA,NA,"public u-pole","Central PA",40.6720163429997,-77.8871301172842
143,2021,0,1,0,4,NA,NA,"private u-pole","Central PA",40.4985144548434,-78.1386889178824
145,2021,0,1,0,3,NA,NA,"private u-pole","Central PA",40.4858950312083,-78.1893977664205
146,2021,0,1,0,4,NA,NA,"public u-pole","Central PA",40.328448834225,-77.8483206765807
148,2021,0,1,0,5,NA,NA,"private u-pole","Central PA",40.688297501288,-77.6830687088107
149,2021,0,1,0,5,NA,NA,"private u-pole","Central PA",40.9933021225746,-77.6754980715437
150,2021,0,1,0,4,NA,NA,"private u-pole","Central PA",40.6421631318402,-77.7345910764766
151,2021,0,1,0,5,NA,NA,"steel pole","Central PA",40.6886518438826,-77.943649381453
269,2021,0,1,0,3,NA,NA,"private u-pole","Central PA",40.7478814847226,-78.0326641510689
155,2021,0,1,0,5,NA,NA,"steel pole","Central PA",40.9773848975446,-77.7245946785713
156,2021,0,1,1,0,NA,NA,"private u-pole","Central PA",40.9674328324289,-77.5137527287984
157,2021,0,1,0,5,NA,NA,"steel pole","Central PA",40.7958000250451,-77.8117901113225
158,2021,0,0,0,0,NA,NA,NA,"Central PA",40.4436901606477,-77.6979541249474
159,2021,0,1,0,5,NA,NA,"steel pole","Central PA",40.9826352898578,-77.423165144551
160,2021,0,0,0,0,NA,NA,NA,"Central PA",40.9458245332142,-77.5035938221941
161,2021,0,1,0,4,NA,NA,"private u-pole","Central PA",40.9990425245766,-77.5007035066651
162,2021,0,1,0,2,NA,NA,"steel pole","Central PA",40.9348128054063,-77.5967608646892
164,2021,0,1,0,4,NA,NA,"steel pole","Central PA",40.755587596288,-77.9540318224449
165,2021,0,0,0,0,NA,NA,NA,"Central PA",40.7203648649241,-77.8383959827416
166,2021,0,1,1,0,NA,NA,"steel pole","Central PA",41.0074408144381,-78.0099510629965
270,2021,0,0,0,0,NA,NA,NA,"Central PA",40.6588979170769,-77.7451986920542
169,2021,0,0,0,0,NA,NA,NA,"Central PA",40.777091578308,-77.8157214356736
271,2021,0,1,0,4,NA,NA,"private u-pole","Central PA",40.9358096880904,-78.0347069748653
171,2021,0,1,0,4,NA,NA,"private u-pole","Central PA",40.84602334574,-77.8469389523763
173,2021,0,0,0,0,NA,NA,NA,"Central PA",40.6413943798978,-77.8281539163451
174,2021,0,1,0,2,NA,NA,"private u-pole","Central PA",40.9760777105235,-77.8729787914954
175,2021,0,1,0,5,NA,NA,"steel pole","Central PA",40.7490875407642,-77.6577234214862
176,2021,0,1,1,0,NA,NA,"steel pole","Central PA",40.942325272618,-77.9689735715487
177,2021,0,0,0,0,NA,NA,NA,"Central PA",40.6171390677526,-77.6968026368505
178,2021,0,0,0,0,NA,NA,NA,"Central PA",40.6784172208531,-77.9779037570138
179,2021,0,1,0,5,NA,NA,"steel pole","Central PA",40.6204005535437,-77.941874694535
180,2021,0,1,0,5,NA,NA,"steel pole","Central PA",40.4809411301488,-77.7447582494331
184,2021,0,1,0,5,NA,NA,"steel pole","Central PA",40.5968446780702,-77.7828178779699
185,2021,0,1,0,4,NA,NA,"private u-pole","Central PA",40.6672537687251,-77.9304990254442
272,2021,0,0,0,0,NA,NA,NA,"Central PA",40.4310696534389,-77.3307993347126
274,2021,0,1,0,4,NA,1,"private u-pole","Central PA",40.7328715486049,-77.8310149895912
275,2021,0,1,0,4,NA,NA,"private u-pole","Central PA",40.733831419729,-78.0585331610113
193,2021,0,1,0,4,NA,NA,"steel pole","Central PA",40.6811438148614,-78.0360569798289
194,2021,0,1,0,5,NA,NA,"public u-pole","Central PA",40.6829718942859,-77.8401295016982
195,2021,0,1,0,5,NA,NA,"steel pole","Central PA",40.8460556343355,-77.5204612903935
198,2021,0,0,0,0,NA,NA,NA,"Central PA",40.6823416126943,-77.9854270805997
201,2021,0,1,0,3,NA,NA,"private u-pole","Central PA",40.8770835130715,-78.0665313619675
276,2021,0,1,0,4,NA,NA,"steel pole","Central PA",40.6892430579901,-77.9674713625375
292,2021,0,0,0,0,NA,NA,NA,"Central PA",40.4281479165169,-78.1432948357149
204,2021,0,1,0,5,NA,NA,"steel pole","Central PA",40.4998335397224,-77.8773225623019
205,2021,0,1,0,4,NA,NA,"steel pole","Central PA",40.5313018041605,-77.7472243582935
206,2021,0,0,0,0,NA,NA,NA,"Central PA",40.7763676588248,-77.6562415934074
207,2021,0,1,0,5,NA,NA,"steel pole","Central PA",41.0080711042535,-77.7489644059934
209,2021,0,0,0,0,NA,NA,NA,"Central PA",40.8255985798529,-77.9844541592322
210,2021,0,0,0,0,NA,NA,NA,"Central PA",40.5197037833637,-77.7999231600492
279,2021,0,1,0,4,NA,NA,"public u-pole","Central PA",40.8119928329725,-77.4588787984287
281,2021,0,1,0,3,NA,NA,"public u-pole","Central PA",41.0577517547292,-77.8194018773581
282,2021,0,1,0,4,NA,NA,"public u-pole","Central PA",40.7035400667199,-77.6184427355595
283,2021,0,1,0,5,NA,NA,"private u-pole","Central PA",41.0288302029353,-77.6682000606062
286,2021,0,1,0,5,NA,NA,"private u-pole","Central PA",40.7240089154959,-77.4521642678596
289,2021,0,1,0,5,NA,NA,"private u-pole","Central PA",40.6771374288174,-77.8469982932862
223,2021,0,1,0,3,NA,NA,"steel pole","Central PA",40.6980269740004,-77.7837270096682
293,2021,0,1,0,4,NA,NA,"public u-pole","Central PA",40.7942803823803,-77.8453151932216
225,2021,0,1,0,4,NA,NA,"private u-pole","Central PA",40.4577103692468,-77.9046920905494
1,2020,0,1,0,5,NA,NA,"steel pole","Central PA",40.8415845436613,-77.4533166129788
294,2020,0,0,0,0,NA,NA,NA,"Central PA",40.9993649888972,-77.4304096247427
295,2020,0,1,1,0,NA,NA,"private u-pole","Central PA",40.8996637239825,-77.6634516190656
4,2020,0,0,0,0,NA,NA,NA,"Central PA",40.397070404375,-77.3557527858742
5,2020,0,1,0,5,NA,NA,"steel pole","Central PA",40.5554766003631,-77.3272079085058
6,2020,0,1,0,5,NA,NA,"steel pole","Central PA",40.4774944654987,-77.1399084481459
8,2020,0,0,0,0,NA,NA,NA,"Central PA",40.9622602226193,-77.6800803036904
9,2020,0,1,0,5,NA,NA,"private u-pole","Central PA",40.8281695689135,-77.5939084343597
228,2020,0,0,0,0,NA,NA,NA,"Central PA",40.9870712674408,-77.7378483849249
11,2020,0,1,0,4,NA,NA,"steel pole","Central PA",40.7561476186943,-77.6825486540543
230,2020,0,0,0,0,NA,NA,NA,"Central PA",40.4262393522512,-78.0034237892276
14,2020,0,1,0,5,NA,NA,"private u-pole","Central PA",40.6019738145249,-77.9461681862363
290,2020,0,1,0,4,NA,NA,"steel pole","Central PA",40.5359854990257,-76.8634860122774
20,2020,0,1,0,5,NA,NA,"steel pole","Central PA",40.598608472015,-77.8325784574504
24,2020,0,1,0,5,NA,NA,"private u-pole","Central PA",40.2914427734698,-77.8950409680493
236,2020,0,1,0,4,NA,NA,"steel pole","Central PA",40.734534648902,-77.5160892887305
237,2020,0,1,0,5,NA,NA,"steel pole","Central PA",40.9480424919288,-77.5626449163063
27,2020,0,1,0,4,NA,NA,"steel pole","Central PA",40.8504160464117,-77.7817954915711
238,2020,0,1,0,4,NA,NA,"private u-pole","Central PA",40.8154320980676,-77.5841159726489
239,2020,0,1,0,5,NA,NA,"private u-pole","Central PA",40.9318644670961,-77.705170396769
32,2020,0,1,0,3,NA,NA,"steel pole","Central PA",40.8800672773367,-77.8552782322162
243,2020,0,1,0,5,NA,NA,"private u-pole","Central PA",40.5471071705361,-78.1047809329776
245,2020,0,0,0,0,NA,NA,NA,"Central PA",40.5416083166473,-77.9302545799363
39,2020,0,1,0,3,NA,NA,"private u-pole","Central PA",40.5180999340277,-78.1505568088238
41,2020,0,1,0,4,NA,NA,"private u-pole","Central PA",40.7864515591475,-77.4972819208578
43,2020,0,0,0,0,NA,NA,NA,"Central PA",40.9293489601313,-77.5427496160806
48,2020,0,0,0,0,NA,NA,NA,"Central PA",40.9092546341996,-77.531899634264
57,2020,0,0,0,0,NA,NA,NA,"Central PA",40.3722744729377,-77.1764977212464
58,2020,0,1,0,4,NA,NA,"private u-pole","Central PA",40.3419020052767,-77.2048584258155
250,2020,0,0,0,0,NA,NA,NA,"Central PA",40.6279763992518,-77.6380846373858
61,2020,0,0,0,0,NA,NA,NA,"Central PA",40.7932720159464,-77.6185332229984
62,2020,0,0,0,0,NA,NA,NA,"Central PA",40.6188949008275,-77.7272442969789
63,2020,0,1,0,5,NA,NA,"steel pole","Central PA",40.6786201435519,-77.8359644113998
66,2020,0,1,0,5,NA,NA,"private u-pole","Central PA",40.7147914974514,-77.916702081035
67,2020,0,1,0,4,NA,NA,"steel pole","Central PA",40.7759494223717,-77.8563515914592
69,2020,0,1,0,8,NA,NA,"steel pole","Central PA",40.798090600745,-77.6396578380533
71,2020,0,1,0,4,NA,NA,"steel pole","Central PA",40.1586479262548,-77.2699231720143
72,2020,0,1,1,0,NA,NA,"steel pole","Central PA",40.4511473144404,-77.1957774454829
73,2020,0,0,0,0,NA,NA,NA,"Central PA",40.7609103854841,-77.7204008776866
75,2020,0,1,0,4,NA,NA,"private u-pole","Central PA",40.4678365073648,-77.8471043977534
76,2020,0,0,0,0,NA,NA,NA,"Central PA",40.9443347026803,-77.5835060569524
254,2020,0,1,0,4,NA,NA,"private u-pole","Central PA",40.3262700655085,-77.7565063273887
255,2020,0,1,0,5,NA,NA,"private u-pole","Central PA",40.5989836543103,-77.6662147360469
80,2020,0,0,0,0,NA,NA,NA,"Central PA",40.8651527381845,-77.5386075985337
81,2020,0,1,0,5,NA,NA,"private u-pole","Central PA",40.8052719025649,-77.6403741890403
82,2020,0,1,0,4,NA,NA,"steel pole","Central PA",40.7921583607844,-77.6267092814735
83,2020,0,0,0,0,NA,NA,NA,"Central PA",40.7310307841793,-77.4381800147999
86,2020,0,0,0,0,NA,NA,NA,"Central PA",40.5679483934125,-77.8690391755262
87,2020,0,0,0,0,NA,NA,NA,"Central PA",40.8663831522505,-77.9472728232514
91,2020,0,1,0,5,NA,NA,"steel pole","Central PA",40.6912045209491,-77.8476439229767
93,2020,0,1,0,4,NA,NA,"steel pole","Central PA",40.5457835588678,-77.7220783464742
94,2020,0,1,0,4,NA,NA,"steel pole","Central PA",40.6705804715264,-77.8673805095268
100,2020,0,0,0,0,NA,NA,NA,"Central PA",40.7987714070868,-77.9316712754944
260,2020,0,0,0,0,NA,NA,NA,"Central PA",40.7373053424886,-77.5892573129403
110,2020,0,0,0,0,NA,NA,NA,"Central PA",40.7210243108779,-78.0511455155405
111,2020,0,1,0,5,NA,NA,"private u-pole","Central PA",40.4771389637832,-77.9643947135675
113,2020,0,0,0,0,NA,NA,NA,"Central PA",40.7488655388415,-78.1163767973153
115,2020,0,1,0,5,NA,NA,"other","Central PA",41.2035933039155,-77.6123349354124
262,2020,0,1,0,4,NA,NA,"steel pole","Central PA",40.6410598605456,-77.8416695633011
263,2020,0,0,0,0,NA,NA,NA,"Central PA",40.6207929114237,-77.5404449244166
121,2020,0,1,0,4,NA,3,"private u-pole","Central PA",40.9300307841499,-77.8317591202613
122,2020,0,0,0,0,NA,NA,NA,"Central PA",40.9527869160861,-77.6385106080967
124,2020,0,1,0,4,NA,NA,"steel pole","Central PA",40.8840366196593,-77.6649714370071
264,2020,0,1,0,4,NA,NA,"steel pole","Central PA",40.6228008014106,-77.9245461603631
266,2020,0,0,0,0,NA,NA,NA,"Central PA",40.5676602082791,-77.3972376221757
130,2020,0,1,1,0,NA,NA,"steel pole","Central PA",40.5494231706926,-77.4863133308218
131,2020,0,0,0,0,NA,NA,NA,"Central PA",40.4147755159206,-77.3273493818443
132,2020,0,1,0,5,NA,NA,"private u-pole","Central PA",40.8027415979572,-77.7000010253287
133,2020,0,1,0,4,NA,NA,"private u-pole","Central PA",40.9545814745825,-77.8728508073998
267,2020,0,1,0,5,NA,NA,"private u-pole","Central PA",40.4754747761306,-78.1015478143495
136,2020,0,1,0,2,NA,NA,"private u-pole","Central PA",40.5021667286756,-78.0365095124903
268,2020,0,1,0,4,NA,NA,"steel pole","Central PA",40.4696776077712,-77.92213880027
141,2020,0,0,0,0,NA,NA,NA,"Central PA",40.6039534188857,-77.8736930102246
142,2020,0,1,0,5,NA,NA,"public u-pole","Central PA",40.6433364679015,-77.9900078215246
149,2020,0,1,0,3,NA,NA,"private u-pole","Central PA",40.7500650450367,-77.6713196013568
150,2020,0,1,0,5,NA,NA,"private u-pole","Central PA",40.6528612698313,-77.8031278888231
155,2020,0,1,0,1,NA,NA,"steel pole","Central PA",40.8291022387702,-77.4902839278149
156,2020,0,1,0,3,NA,NA,"private u-pole","Central PA",40.6161998949849,-77.6976839880505
157,2020,0,0,0,0,NA,NA,NA,"Central PA",40.7923649923235,-77.7047794365665
158,2020,0,1,0,5,NA,NA,"steel pole","Central PA",40.5970425243347,-77.6998026997683
159,2020,0,1,0,4,NA,NA,"steel pole","Central PA",40.903416393845,-77.6548881573262
160,2020,0,1,0,5,NA,NA,"steel pole","Central PA",41.1494707253551,-77.6588346101323
161,2020,0,1,0,4,NA,NA,"private u-pole","Central PA",40.9549278900888,-77.5776275850179
164,2020,0,1,0,3,NA,NA,"steel pole","Central PA",40.8844069363829,-77.8227317380589
169,2020,0,1,0,5,NA,NA,"steel pole","Central PA",40.6585199698876,-78.0070921959505
171,2020,0,1,1,0,NA,NA,"private u-pole","Central PA",40.6863469823277,-77.8863322955939
173,2020,0,0,0,0,NA,NA,NA,"Central PA",40.6527251934398,-77.8331117330949
175,2020,0,1,0,5,NA,NA,"steel pole","Central PA",40.771609822899,-77.9349151974303
177,2020,0,1,0,4,NA,NA,"private u-pole","Central PA",40.674729268784,-77.7687208848631
178,2020,0,1,0,3,NA,NA,"steel pole","Central PA",40.8690199218242,-77.7250269050267
179,2020,0,1,0,4,NA,NA,"steel pole","Central PA",40.5577271920374,-77.7258435999876
180,2020,0,0,0,0,NA,NA,NA,"Central PA",40.4364214454988,-77.5862823543003
184,2020,0,1,0,5,NA,NA,"steel pole","Central PA",40.8677850609419,-77.9688053199567
272,2020,0,0,0,0,NA,NA,NA,"Central PA",40.2066675503315,-77.2285632791298
296,2020,0,0,0,0,NA,NA,NA,"Central PA",40.3429158172002,-77.3345620909747
274,2020,0,0,0,0,NA,NA,NA,"Central PA",40.4158298428699,-77.9268547972617
275,2020,0,1,0,1,NA,NA,"private u-pole","Central PA",40.7267898161228,-77.805775628396
193,2020,0,1,0,4,NA,NA,"steel pole","Central PA",40.6703918782766,-77.8897087581357
194,2020,0,1,0,4,NA,NA,"public u-pole","Central PA",40.6082895209187,-77.9534819233694
195,2020,0,1,0,4,NA,NA,"steel pole","Central PA",40.7551125000389,-77.5918853826528
198,2020,0,0,0,0,NA,NA,NA,"Central PA",40.7837768197111,-77.947042558754
201,2020,0,0,0,0,NA,NA,NA,"Central PA",40.7108091166482,-77.9161180825459
276,2020,0,0,0,0,NA,NA,NA,"Central PA",40.5564768752694,-78.0332196477603
292,2020,0,1,0,5,NA,NA,"steel pole","Central PA",40.8035145634065,-77.80814765838
204,2020,0,1,0,4,NA,NA,"steel pole","Central PA",40.5732157677765,-77.9388326397001
205,2020,0,1,1,0,NA,NA,"steel pole","Central PA",40.6312466198521,-77.7670670885698
206,2020,0,0,0,0,NA,NA,NA,"Central PA",40.6152839796442,-77.9124388246703
207,2020,0,0,0,0,NA,NA,NA,"Central PA",40.7267423268434,-77.7144024260364
209,2020,0,1,0,5,NA,NA,"private u-pole","Central PA",40.7478000609419,-77.8112154584177
210,2020,0,1,1,0,NA,NA,"private u-pole","Central PA",40.7872771935432,-77.6589634811795
279,2020,0,1,0,4,NA,NA,"public u-pole","Central PA",40.852546975064,-77.729602976348
281,2020,0,1,0,4,NA,NA,"public u-pole","Central PA",40.8810912607817,-77.8085811813208
282,2020,0,1,0,3,NA,NA,"public u-pole","Central PA",40.8139792577334,-77.5381769560456
283,2020,0,1,0,4,NA,NA,"private u-pole","Central PA",40.7646161385682,-77.6979649818243
286,2020,0,0,0,0,NA,NA,NA,"Central PA",40.8646490860887,-77.8091152867482
289,2020,0,0,0,0,NA,NA,NA,"Central PA",40.7528519715341,-77.989351419786
223,2020,0,1,0,5,0,NA,"steel pole","Central PA",40.7142430453229,-77.7888364543945
293,2020,0,1,0,5,NA,NA,"public u-pole","Central PA",40.5937114783045,-77.7853850179582
225,2020,0,1,0,4,NA,NA,"private u-pole","Central PA",40.4592590128433,-77.7284184562646
1,2019,0,0,0,0,NA,NA,NA,"Central PA",41.0568195943358,-77.7266356998769
294,2019,0,0,0,0,NA,NA,NA,"Central PA",40.7651499776358,-77.433922526183
295,2019,0,1,0,5,NA,NA,"private u-pole","Central PA",40.7377831795957,-77.6986459842801
8,2019,0,1,1,0,NA,NA,"steel pole","Central PA",40.9808066162261,-77.7780509400657
228,2019,0,0,0,0,NA,NA,NA,"Central PA",40.9207064809462,-77.4725785758018
20,2019,0,0,0,0,NA,NA,NA,"Central PA",40.4726477366903,-77.9771124429311
24,2019,0,1,0,4,NA,NA,"private u-pole","Central PA",40.6590489717918,-77.8193791256174
236,2019,0,1,0,5,NA,NA,"steel pole","Central PA",40.8897585669562,-77.6974864594902
27,2019,0,1,0,5,NA,NA,"steel pole","Central PA",40.7160783605026,-77.8281279573352
238,2019,0,0,0,0,NA,NA,NA,"Central PA",40.7697800890796,-77.7398718544278
297,2019,0,0,0,0,NA,NA,NA,"Central PA",40.9183981713928,-77.7852282932496
48,2019,0,0,0,0,NA,NA,NA,"Central PA",40.7233620501178,-77.5040112907808
61,2019,0,1,1,0,NA,NA,"private u-pole","Central PA",40.6590352907129,-77.3824143069488
62,2019,0,0,0,0,NA,NA,NA,"Central PA",40.6946350033197,-77.506749655429
67,2019,0,0,0,0,NA,NA,NA,"Central PA",40.6024540741082,-77.9409112161945
69,2019,0,1,0,5,NA,NA,"steel pole","Central PA",40.7614934454311,-77.8138403858684
298,2019,0,0,0,0,NA,NA,NA,"Central PA",40.7192695686622,-77.7784982734738
299,2019,0,0,0,0,NA,NA,NA,"Central PA",40.6741414269312,-77.8983640175231
300,2019,0,0,0,0,NA,NA,NA,"Central PA",40.6237677469959,-77.6854649785377
75,2019,0,0,0,0,NA,NA,NA,"Central PA",40.7503683521893,-77.8016181419251
76,2019,0,0,0,0,NA,NA,NA,"Central PA",40.8579585750796,-77.5393282313898
301,2019,0,1,0,5,NA,NA,"steel pole","Central PA",40.3859734654108,-77.6341845785338
255,2019,0,1,0,5,NA,NA,"private u-pole","Central PA",40.7040575563213,-77.7306072454515
80,2019,0,1,0,5,NA,NA,"steel pole","Central PA",40.6635124919348,-77.5445222986581
81,2019,0,0,0,0,NA,NA,NA,"Central PA",40.7427511689961,-77.4342404154899
82,2019,0,1,0,5,NA,NA,"steel pole","Central PA",40.5457311313651,-77.410413061089
83,2019,0,0,0,0,NA,NA,NA,"Central PA",40.7719471266538,-77.6962080349509
87,2019,0,0,0,0,NA,NA,NA,"Central PA",40.64295830166,-77.8661576464433
93,2019,0,1,0,5,NA,NA,"steel pole","Central PA",40.4800347289144,-77.828126252642
94,2019,0,1,0,5,NA,NA,"steel pole","Central PA",40.4643204263743,-77.5685737108824
100,2019,0,0,0,0,NA,NA,NA,"Central PA",40.7836450000335,-77.9106162571513
260,2019,0,0,0,0,NA,NA,NA,"Central PA",40.6227235003269,-77.783969322035
110,2019,0,1,0,5,NA,NA,"steel pole","Central PA",40.437417978058,-78.0756491779777
111,2019,0,1,0,5,NA,NA,"private u-pole","Central PA",40.5372860441674,-77.9999278398249
113,2019,0,0,0,0,NA,NA,NA,"Central PA",40.937048754754,-78.1334754558472
115,2019,0,1,0,1,NA,NA,"other","Central PA",41.0081155249853,-77.5173480948886
122,2019,0,0,0,0,NA,NA,NA,"Central PA",41.0202187335693,-77.5332220956507
124,2019,0,0,0,0,NA,NA,NA,"Central PA",40.7272600054515,-77.433720044773
264,2019,0,1,1,0,NA,NA,"steel pole","Central PA",40.5984856064388,-77.8861265629535
133,2019,0,1,0,4,NA,NA,"private u-pole","Central PA",40.7527614189077,-77.6099933515465
136,2019,0,1,0,5,NA,NA,"private u-pole","Central PA",40.417441977002,-78.014265061761
268,2019,0,1,0,4,NA,NA,"steel pole","Central PA",40.4583172026651,-78.2158356377698
141,2019,0,0,0,0,NA,NA,NA,"Central PA",40.6253107816962,-77.8592508405583
142,2019,0,0,0,0,NA,NA,NA,"Central PA",40.5059654137029,-77.7464168579859
149,2019,0,0,0,0,NA,NA,NA,"Central PA",40.9120812074061,-77.7166575082092
155,2019,0,0,0,0,NA,NA,NA,"Central PA",40.9640533238087,-77.7355250677372
156,2019,0,1,0,5,NA,NA,"private u-pole","Central PA",40.9719509620123,-77.4684222318278
157,2019,0,1,0,2,NA,NA,"steel pole","Central PA",40.427699487406,-77.7138966381891
159,2019,0,1,0,1,NA,NA,"steel pole","Central PA",40.803680606241,-77.3540532298045
160,2019,0,1,0,5,NA,NA,"steel pole","Central PA",41.1742097064642,-77.7483903557973
161,2019,0,0,0,0,NA,NA,NA,"Central PA",40.9714795567024,-77.6901419232877
302,2019,0,0,0,0,NA,NA,NA,"Central PA",40.7362164841382,-78.0250906513119
169,2019,0,0,0,0,NA,NA,NA,"Central PA",40.6209855900216,-77.9949260587022
177,2019,0,1,0,4,NA,NA,"private u-pole","Central PA",40.6863112508043,-77.771622058153
178,2019,0,1,0,3,NA,NA,"steel pole","Central PA",40.6217066064029,-77.8530854880367
303,2019,0,0,0,0,NA,NA,NA,"Central PA",40.6528580501953,-77.6970439272762
184,2019,0,0,0,0,NA,NA,NA,"Central PA",40.7289337157046,-77.6826885996863
304,2019,0,0,0,0,NA,NA,NA,"Central PA",40.8810381562544,-77.6608102317634
305,2019,0,0,0,0,NA,NA,NA,"Central PA",40.9674553446762,-77.4605833902511
306,2019,0,0,0,0,NA,NA,NA,"Central PA",40.758206299529,-77.8044233763214
198,2019,0,0,0,0,NA,NA,NA,"Central PA",40.6445441786251,-78.0712681866643
201,2019,0,1,0,4,NA,NA,"private u-pole","Central PA",40.6894815613755,-78.0388722245136
292,2019,0,1,0,5,NA,NA,"steel pole","Central PA",40.7368082048582,-77.932927472303
204,2019,0,1,0,5,NA,NA,"steel pole","Central PA",40.6621754130702,-77.8405956997372
209,2019,0,0,0,0,NA,NA,NA,"Central PA",40.8059055533475,-77.8179654817827
279,2019,0,1,0,4,NA,NA,"public u-pole","Central PA",40.8292903737639,-77.7039829380063
281,2019,0,1,0,4,NA,NA,"public u-pole","Central PA",40.7552119714787,-77.7062183787892
282,2019,0,0,0,0,NA,NA,NA,"Central PA",40.8540917716891,-77.6828303630642
286,2019,0,0,0,0,NA,NA,NA,"Central PA",40.7185526572325,-77.7063141716823
223,2019,0,1,0,5,NA,NA,"steel pole","Central PA",40.6891762588772,-78.0181719556257
293,2019,0,1,0,5,NA,NA,"public u-pole","Central PA",40.767970138364,-77.9144693099192
1,2018,0,1,0,2,NA,NA,"steel pole","Central PA",41.086540492029,-77.3834854771098
294,2018,0,1,0,3,NA,NA,"steel pole","Central PA",40.9767359216886,-77.6011561980829
307,2018,0,0,0,0,NA,NA,NA,"Central PA",40.7749538266061,-77.7674179581019
27,2018,0,0,0,0,NA,NA,NA,"Central PA",40.6892347190836,-77.8126393386298
297,2018,0,0,0,0,NA,NA,NA,"Central PA",40.7193257127046,-77.6256759688726
69,2018,0,1,0,5,NA,NA,"steel pole","Central PA",40.771507695188,-77.7810714637556
298,2018,0,0,0,0,NA,NA,NA,"Central PA",40.791883473008,-77.7020935187495
299,2018,0,0,0,0,NA,NA,NA,"Central PA",40.6506338960371,-77.6901272306137
300,2018,0,0,0,0,NA,NA,NA,"Central PA",40.7413949041737,-77.9639511181444
301,2018,0,1,0,3,NA,NA,"steel pole","Central PA",40.3862543160709,-77.687735377166
80,2018,0,0,0,0,NA,NA,NA,"Central PA",40.6434949373238,-77.3716136389131
81,2018,0,1,0,4,NA,NA,"private u-pole","Central PA",40.8557600844428,-77.5091650363828
83,2018,0,0,0,0,NA,NA,NA,"Central PA",40.7260394608647,-77.6303362512324
87,2018,0,0,0,0,NA,NA,NA,"Central PA",40.7180023841377,-78.0290090569887
94,2018,0,1,0,2,NA,NA,"steel pole","Central PA",40.6778932973142,-77.6069976710727
100,2018,0,0,0,0,NA,NA,NA,"Central PA",40.6847683187615,-78.1329148492941
260,2018,0,0,0,0,NA,NA,NA,"Central PA",40.7598935444733,-77.6414423138852
264,2018,0,1,0,5,NA,NA,"steel pole","Central PA",40.5973709755533,-77.8168430652474
268,2018,0,0,0,0,NA,NA,NA,"Central PA",40.4098820803317,-78.0953710339806
155,2018,0,0,0,0,NA,NA,NA,"Central PA",40.8811129018102,-77.4066738833951
156,2018,0,1,0,4,NA,NA,"private u-pole","Central PA",40.6144471925587,-77.838794267741
157,2018,0,1,0,5,NA,NA,"steel pole","Central PA",40.7704618683375,-77.6927864870398
159,2018,0,0,0,0,NA,NA,NA,"Central PA",40.8392740527714,-77.5559500587763
160,2018,0,0,0,0,NA,NA,NA,"Central PA",41.1565354437357,-77.3992721349912
302,2018,0,0,0,0,NA,NA,NA,"Central PA",40.9298751943162,-77.9078840493271
169,2018,0,0,0,0,NA,NA,NA,"Central PA",40.9927585812356,-77.9912825164535
178,2018,0,0,0,0,NA,NA,NA,"Central PA",40.7769376508443,-77.6669612505962
304,2018,0,0,0,0,NA,NA,NA,"Central PA",40.725640373314,-77.7533043793137
305,2018,0,0,0,0,NA,NA,NA,"Central PA",40.8570863735221,-77.4702169975753
198,2018,0,1,0,5,NA,NA,"steel pole","Central PA",40.8388780097529,-77.9613535446507
201,2018,0,1,0,5,NA,NA,"private u-pole","Central PA",40.7241456034833,-77.8501524781363
292,2018,0,1,0,5,NA,NA,"steel pole","Central PA",40.4242181299465,-77.8970884553812
223,2018,0,0,0,0,NA,NA,NA,"Central PA",40.6300161158334,-78.0375787347361
308,2024,0,1,0,5,NA,NA,"public u-pole","Lancaster",39.971724360793,-75.9776621995824
309,2024,0,0,0,0,NA,NA,NA,"Lancaster",NA,NA
310,2024,0,1,0,5,NA,NA,"public u-pole","Lancaster",39.7641438840265,-75.9638870678627
311,2024,0,0,0,0,NA,NA,NA,"Lancaster",39.9357441818748,-75.9805507736904
312,2024,0,1,1,0,NA,NA,"steel pole","Lancaster",39.8719311739844,-76.1123582352871
313,2024,0,1,0,5,NA,NA,"steel pole","Lancaster",39.637511295104,-76.019742315319
314,2024,0,1,0,5,NA,NA,"steel pole","Lancaster",39.8407917955514,-76.2454391843523
315,2024,0,1,0,5,NA,NA,"steel pole","Lancaster",39.7633228140834,-75.9066321474696
316,2024,0,1,0,4,NA,NA,"public u-pole","Lancaster",39.8948771247162,-76.1304430400339
317,2024,0,1,0,5,NA,NA,"steel pole","Lancaster",39.7869002962456,-76.1107599019007
318,2024,0,1,0,4,NA,NA,"public u-pole","Lancaster",39.8452391321321,-76.1468324635267
319,2024,0,0,0,0,NA,NA,NA,"Lancaster",40.0447181612361,-75.9092920027117
320,2024,0,0,0,0,NA,NA,NA,"Lancaster",39.9109783776696,-76.0347772429935
321,2024,0,0,0,0,NA,NA,NA,"NJ",39.3902642783527,-75.325939867451
322,2024,0,1,0,4,NA,NA,"public u-pole","NJ",39.4953463507387,-75.2679113184614
323,2024,0,1,0,3,NA,NA,"steel pole","NJ",39.3972320466776,-75.3709774216621
324,2024,0,1,0,5,NA,NA,"steel pole","NJ",39.6227260810993,-75.203726297974
325,2024,0,1,0,5,NA,NA,"steel pole","NJ",39.7796938570022,-75.4380027166592
326,2024,0,1,0,5,NA,NA,"steel pole","NJ",40.206707056829,-74.5656582161301
327,2024,0,1,0,2,NA,NA,"steel pole","NJ",39.9072976600304,-74.6668932888412
328,2024,0,0,0,0,NA,NA,NA,"NJ",39.7710301300042,-75.288571698354
329,2024,0,0,0,0,NA,NA,NA,"NJ",39.6772032224182,-75.1531433611152
330,2024,0,0,0,0,NA,NA,NA,"NJ",39.6051257692298,-75.5943082021665
331,2024,0,0,0,0,NA,NA,NA,"NJ",39.8429593932894,-75.3678551951926
332,2024,0,1,0,6,NA,NA,"steel pole","NJ",39.5195186461391,-75.3108173117941
333,2024,0,1,0,2,NA,NA,"steel pole","NJ",39.5795876415349,-75.4085216493864
334,2024,0,0,0,0,NA,NA,NA,"NJ",39.8287101374379,-75.4793426334668
335,2024,0,1,0,5,NA,NA,"private u-pole","NJ",39.7398366801916,-75.2035826461077
336,2024,0,1,0,4,NA,NA,"steel pole","NJ",39.5961814376474,-75.4865010186008
337,2024,0,1,0,5,NA,NA,"steel pole","NJ",39.854163014655,-75.3602854298606
338,2024,0,1,0,4,NA,NA,"steel pole","NJ",39.5489584287749,-75.1756696868275
339,2024,0,1,0,2,NA,NA,"private u-pole","NJ",39.8259974934838,-75.4431987490358
340,2024,0,1,0,3,NA,NA,"steel pole","NJ",39.693936180592,-75.2930423265366
341,2024,0,1,0,5,NA,NA,"steel pole","NJ",39.7299302029355,-75.4346272103472
342,2024,0,1,0,5,NA,NA,"steel pole","NJ",39.8624990443106,-75.4626599194326
343,2024,0,0,0,0,NA,NA,NA,"NJ",39.8504841505741,-75.3175433124671
344,2024,0,1,0,5,NA,NA,"steel pole","NJ",39.6873013783616,-75.4556854577093
345,2024,0,1,1,0,NA,NA,"steel pole","NJ",39.7457351980097,-75.3985663712264
346,2024,0,1,0,5,NA,NA,"steel pole","NJ",39.4337167371752,-75.1070558140037
347,2024,0,1,0,4,NA,NA,"steel pole","NJ",39.6035949982606,-75.2973904240162
348,2024,0,1,0,5,NA,NA,"steel pole","NJ",39.4296110145014,-75.1765970969658
349,2024,0,1,0,3,NA,NA,"steel pole","NJ",39.5707386834271,-75.246660082476
350,2024,0,1,0,5,NA,NA,"steel pole","NJ",39.6669040102739,-75.130422394047
351,2024,0,1,0,2,NA,NA,"steel pole","NJ",39.3985669483456,-75.1116303605265
352,2024,0,0,0,0,NA,NA,NA,"NJ",39.5912420162182,-75.0943037826505
353,2024,0,0,0,0,NA,NA,NA,"NJ",NA,NA
354,2024,0,0,0,0,NA,NA,NA,"NJ",39.7290174568385,-75.5364016339245
355,2024,0,0,0,0,NA,NA,NA,"NJ",39.7368905335937,-75.3860356884749
356,2024,0,1,0,5,NA,1,"public u-pole","NJ",39.2918331535331,-75.2658040775264
357,2024,0,0,0,0,NA,NA,NA,"NJ",39.6573626261266,-75.1956807115931
358,2024,0,0,0,0,NA,NA,NA,"NJ",39.8001782004828,-75.1870255032051
359,2024,0,0,0,0,NA,NA,NA,"NJ",39.7199918800247,-75.4267397312296
360,2024,0,0,0,0,NA,NA,NA,"NJ",NA,NA
361,2024,0,0,0,0,NA,NA,NA,"NJ",NA,NA
362,2024,0,0,0,0,NA,NA,NA,"NJ",NA,NA
363,2024,0,0,0,0,NA,NA,NA,"NJ",NA,NA
364,2024,0,1,0,5,NA,NA,"public u-pole","NJ",39.6812228938878,-75.0626765530654
365,2024,0,0,0,0,NA,NA,NA,"NJ",39.5657387759153,-75.1954186385907
366,2024,0,0,0,0,NA,NA,NA,"NJ",39.813460463474,-75.0567604835014
367,2024,0,0,0,0,NA,NA,NA,"NJ",39.8996123752185,-75.2009542968842
368,2024,0,0,0,0,NA,NA,NA,"NJ",39.8534452155187,-75.1371947159539
369,2024,0,0,0,0,NA,NA,NA,"NJ",39.8364296872755,-75.0007951429119
370,2024,0,0,0,0,NA,NA,NA,"NJ",39.514867110544,-75.2973984816105
371,2024,0,0,0,0,NA,NA,NA,"NJ",39.410348300762,-75.2116065207959
372,2024,0,0,0,0,NA,NA,NA,"NJ",39.4939468660034,-75.5795896204509
373,2024,0,0,0,0,NA,NA,NA,"NJ",39.5693145559255,39.528964064465
374,2024,0,0,0,0,NA,NA,NA,"NJ",NA,NA
375,2024,0,0,0,0,NA,NA,NA,"NJ",39.4751458601792,-75.5233526613711
376,2024,0,0,0,0,NA,NA,NA,"NJ",NA,NA
377,2024,0,0,0,0,NA,NA,NA,"NJ",39.6142689285649,-75.0904525338895
378,2024,0,1,0,5,NA,NA,"steel pole","NJ",39.5130827773279,-75.3686492995255
379,2024,0,1,1,0,NA,NA,"public u-pole","NJ",39.7715491581967,-75.1933587782586
380,2024,0,0,0,0,NA,NA,NA,"NJ",39.6456467438346,-75.5661434801179
381,2024,0,1,0,3,NA,NA,"steel pole","NJ",39.8367070041707,-75.522222571757
382,2024,0,0,0,0,NA,NA,NA,"NJ",39.6546780331249,-75.3799453337267
383,2024,0,1,0,5,NA,NA,"steel pole","NJ",39.6997779787014,-75.4600648459138
384,2024,0,0,0,0,NA,NA,NA,"NJ",39.32829462159,-74.681480849624
385,2024,0,0,0,0,NA,NA,NA,"NJ",39.6542675548186,-75.2208220541755
386,2024,0,0,0,0,NA,NA,NA,"NJ",39.6543331587625,-75.5070521271586
387,2024,0,1,0,5,NA,NA,"steel pole","NJ",39.6346104033798,-75.2285591569675
388,2024,0,0,0,0,NA,NA,NA,"NJ",39.7110840185571,-75.4181393980744
389,2024,0,1,0,5,NA,NA,"steel pole","NJ",39.7746086640597,-75.4658432706948
390,2024,0,1,0,5,NA,NA,"private u-pole","NJ",39.6280035487892,-75.2949842697844
391,2024,0,0,0,0,NA,NA,NA,"NJ",39.4248896439154,-75.3233559497328
392,2024,0,1,0,5,NA,NA,"steel pole","NJ",39.4357565885719,-75.2668343564548
393,2024,0,1,0,5,NA,NA,"steel pole","NJ",39.4330641067369,-75.3601921951204
394,2024,0,1,0,5,NA,NA,"steel pole","NJ",39.4519609701626,-75.2526717556677
395,2024,0,1,0,5,NA,NA,"steel pole","NJ",39.6263128835548,-75.5159555987571
396,2024,0,1,0,4,NA,NA,"steel pole","NJ",39.6770759550861,-75.1158312649973
397,2024,0,0,0,0,NA,NA,NA,"NJ",39.635778973571,-75.1661961791328
398,2024,0,0,0,0,NA,NA,NA,"NJ",39.5866712477296,-75.2275039057712
399,2024,0,1,0,5,NA,NA,"steel pole","NJ",39.7815577158013,-75.2793142186075
400,2024,0,1,0,5,NA,NA,"steel pole","NJ",39.5262406422949,-75.4158649047951
401,2024,0,1,0,5,NA,NA,"steel pole","NJ",39.7124521898078,-75.2132233485326
402,2024,0,0,0,0,NA,NA,NA,"NJ",39.6867636992711,-75.3517798194084
403,2023,0,0,0,0,NA,NA,NA,"NJ",NA,NA
404,2023,0,0,0,0,NA,NA,NA,"NJ",NA,NA
321,2023,0,0,0,0,NA,NA,NA,"NJ",39.3659590092306,-75.3501935736193
405,2023,0,1,0,5,NA,NA,"steel pole","NJ",NA,NA
324,2023,0,1,0,5,NA,NA,"steel pole","NJ",39.4783310163505,-75.2877975668603
325,2023,0,0,0,0,NA,NA,NA,"NJ",39.7786266038,-75.4346119561257
328,2023,0,0,0,0,NA,NA,NA,"NJ",39.60154910651,-75.3336847512474
329,2023,0,0,0,0,NA,NA,NA,"NJ",39.4430852961335,-75.3679651531366
330,2023,0,0,0,0,NA,NA,NA,"NJ",39.8809666749111,-75.6079032856155
331,2023,0,0,0,0,NA,NA,NA,"NJ",39.5354343021368,-75.3478809385132
406,2023,0,1,0,5,NA,NA,"private u-pole","NJ",NA,NA
333,2023,0,1,0,5,NA,NA,"steel pole","NJ",39.5850887748316,-75.3491649488505
407,2023,0,0,0,0,NA,NA,NA,"NJ",NA,NA
334,2023,0,0,0,0,NA,NA,NA,"NJ",39.8109352507068,-75.2295399151553
336,2023,0,1,0,2,NA,NA,"steel pole","NJ",39.8334612642364,-75.5114629463202
337,2023,0,1,0,5,NA,NA,"steel pole","NJ",39.4948755317824,-75.4319280647851
338,2023,0,1,0,5,NA,NA,"steel pole","NJ",39.8013428847426,-75.2889564073231
339,2023,0,1,0,5,NA,NA,"steel pole","NJ",39.6628575469114,-75.2868715355957
408,2023,0,0,0,0,NA,NA,NA,"NJ",NA,NA
340,2023,0,1,1,0,NA,NA,"steel pole","NJ",39.5304926918712,-75.5731392431116
341,2023,0,1,0,3,NA,NA,"steel pole","NJ",39.6741777361303,-75.2411538672617
342,2023,0,1,0,3,NA,NA,"steel pole","NJ",39.5413367923688,-75.4885682460696
344,2023,0,0,0,0,NA,NA,NA,"NJ",39.8580217233298,-75.2064263579725
345,2023,0,1,0,4,NA,NA,"steel pole","NJ",39.5275885208807,-75.2044183691272
346,2023,0,1,0,5,NA,NA,"steel pole","NJ",39.39054874943,-75.2503930915129
409,2023,0,1,0,5,NA,NA,"steel pole","NJ",NA,NA
348,2023,0,1,0,5,NA,NA,"steel pole","NJ",39.5814203540061,-75.194224096005
349,2023,0,1,0,4,NA,NA,"steel pole","NJ",39.4471184801035,-75.4155071737857
350,2023,0,1,0,4,NA,NA,"steel pole","NJ",39.3963246411871,-75.0254183980398
351,2023,0,1,1,0,NA,NA,"steel pole","NJ",39.7353880018953,-75.1311653819173
352,2023,0,1,0,2,NA,NA,"steel pole","NJ",39.7142253116887,-75.0338925646555
410,2023,0,1,0,4,NA,NA,"public u-pole","NJ",NA,NA
355,2023,0,0,0,0,NA,NA,NA,"NJ",39.5877511967246,-75.646071563542
411,2023,0,0,0,0,NA,NA,NA,"NJ",NA,NA
356,2023,0,0,0,0,NA,NA,NA,"NJ",39.5316075835175,-75.1720340419838
357,2023,0,1,0,4,NA,NA,"steel pole","NJ",39.6420009333701,-75.169038676459
364,2023,0,1,0,4,NA,NA,"public u-pole","NJ",39.7713430297874,-75.2699043028155
412,2023,0,0,0,0,NA,NA,NA,"NJ",NA,NA
367,2023,0,0,0,0,NA,NA,NA,"NJ",39.7384544738196,-75.1966824631925
368,2023,0,0,0,0,NA,NA,NA,"NJ",39.9050080239728,-74.9490377704161
369,2023,0,1,0,5,NA,NA,"steel pole","NJ",39.6076437135814,-75.3052708732901
371,2023,0,0,0,0,NA,NA,NA,"NJ",39.692574263304,-75.2004407479518
372,2023,0,0,0,0,NA,NA,NA,"NJ",39.7273872322045,-75.3975469740429
413,2023,0,1,1,0,NA,NA,"steel pole","NJ",NA,NA
414,2023,0,1,0,5,NA,NA,"public u-pole","NJ",NA,NA
415,2023,0,0,0,0,NA,NA,NA,"NJ",NA,NA
416,2023,0,0,0,0,NA,NA,NA,"NJ",NA,NA
377,2023,0,0,0,0,NA,NA,NA,"NJ",39.6445126913337,-75.4034639633484
378,2023,0,1,0,4,NA,NA,"steel pole","NJ",39.4865403573876,-75.3741911197908
379,2023,0,1,0,5,NA,NA,"public u-pole","NJ",39.4981504737659,-75.4911032666953
381,2023,0,1,0,5,NA,NA,"steel pole","NJ",39.5773257985821,-75.5262336938944
383,2023,0,1,0,4,NA,NA,"steel pole","NJ",39.5986432726922,-75.2705252886841
385,2023,0,0,0,0,NA,NA,NA,"NJ",39.6833998903585,-75.3453800038712
417,2023,0,1,0,1,NA,NA,"steel pole","NJ",NA,NA
387,2023,0,1,0,4,NA,NA,"steel pole","NJ",39.7762146860868,-75.452314936178
390,2023,0,0,0,0,NA,NA,NA,"NJ",39.6856085839266,-75.2015439675093
391,2023,0,1,0,4,NA,NA,"steel pole","NJ",39.7292355888118,-75.3917991253243
392,2023,0,1,0,3,NA,NA,"steel pole","NJ",39.4654645245831,-75.4299738836527
393,2023,0,0,0,0,NA,NA,NA,"NJ",39.6554703946939,-75.1507807219207
418,2023,0,1,1,0,NA,NA,"steel pole","NJ",NA,NA
394,2023,0,1,0,5,NA,NA,"steel pole","NJ",39.6353347164385,-75.1671650590411
395,2023,0,1,0,5,NA,NA,"steel pole","NJ",39.7264805354018,-75.2211869988706
419,2023,0,1,0,4,NA,NA,"steel pole","NJ",NA,NA
397,2023,0,1,0,5,NA,NA,"steel pole","NJ",39.80986051461,-75.3060784536636
399,2023,0,1,0,3,NA,NA,"steel pole","NJ",39.737303572824,-75.3259150019444
400,2023,0,1,0,3,NA,NA,"steel pole","NJ",39.4487821686274,-75.4033689127418
401,2023,0,1,0,5,NA,NA,"steel pole","NJ",39.6163693577023,-75.3569774998098
402,2023,0,1,0,3,NA,NA,"steel pole","NJ",39.5630426521528,-75.3411813388001
420,2023,0,0,0,0,NA,NA,NA,"NJ",NA,NA
386,2018,0,1,0,5,NA,0,NA,"NJ",NA,NA
324,2018,0,1,0,5,NA,0,NA,"NJ",NA,NA
421,2018,0,1,0,5,NA,0,NA,"NJ",NA,NA
422,2018,0,1,0,5,NA,0,NA,"NJ",NA,NA
336,2018,0,1,0,4,NA,0,NA,"NJ",NA,NA
345,2018,0,1,0,4,NA,0,NA,"NJ",NA,NA
423,2018,0,1,0,5,NA,0,NA,"NJ",NA,NA
424,2018,0,1,0,5,NA,0,NA,"NJ",NA,NA
425,2018,0,1,0,4,NA,0,NA,"NJ",NA,NA
426,2018,0,1,0,4,NA,0,NA,"NJ",NA,NA
338,2018,0,1,0,5,NA,0,NA,"NJ",NA,NA
352,2018,0,1,0,5,NA,0,NA,"NJ",NA,NA
427,2018,0,1,0,4,NA,0,NA,"NJ",NA,NA
396,2018,0,1,0,4,NA,0,NA,"NJ",NA,NA
428,2018,0,1,0,3,NA,0,NA,"NJ",NA,NA
357,2018,0,1,0,4,NA,0,NA,"NJ",NA,NA
399,2018,0,1,0,3,NA,0,NA,"NJ",NA,NA
429,2018,0,1,0,3,NA,0,NA,"NJ",NA,NA
430,2018,0,1,0,3,NA,0,NA,"NJ",NA,NA
431,2018,0,1,0,5,NA,0,NA,"NJ",NA,NA
432,2018,0,1,1,0,NA,0,NA,"NJ",NA,NA
433,2018,0,1,1,0,NA,0,NA,"NJ",NA,NA
434,2018,0,1,1,0,NA,0,NA,"NJ",NA,NA
324,2019,0,1,0,2,NA,0,NA,"NJ",NA,NA
422,2019,0,1,0,3,NA,0,NA,"NJ",NA,NA
333,2019,0,1,0,5,NA,0,NA,"NJ",NA,NA
435,2019,0,1,0,5,NA,0,NA,"NJ",NA,NA
430,2019,0,1,0,5,NA,0,NA,"NJ",NA,NA
436,2019,0,1,0,4,NA,0,NA,"NJ",NA,NA
437,2019,0,1,0,5,NA,0,NA,"NJ",NA,NA
438,2019,0,1,0,3,NA,0,NA,"NJ",NA,NA
439,2019,0,1,0,4,NA,0,NA,"NJ",NA,NA
440,2019,0,1,0,1,NA,0,NA,"NJ",NA,NA
357,2019,0,1,0,5,NA,0,NA,"NJ",NA,NA
441,2019,0,1,1,0,NA,0,NA,"NJ",NA,NA
442,2019,0,1,1,0,NA,0,NA,"NJ",NA,NA
433,2019,0,1,0,2,NA,0,NA,"NJ",NA,NA
383,2019,0,1,0,3,NA,0,NA,"NJ",NA,NA
432,2019,0,1,0,4,NA,0,NA,"NJ",NA,NA
392,2019,0,1,0,5,NA,0,NA,"NJ",NA,NA
395,2019,0,1,0,5,NA,0,NA,"NJ",NA,NA
443,2019,0,1,0,4,NA,0,NA,"NJ",NA,NA
400,2019,0,1,1,0,NA,0,NA,"NJ",NA,NA
444,2019,0,1,0,5,NA,0,NA,"NJ",NA,NA
405,2020,0,1,0,5,NA,0,NA,"NJ",NA,NA
422,2020,0,1,0,3,NA,0,NA,"NJ",NA,NA
445,2020,0,1,0,5,NA,0,NA,"NJ",NA,NA
333,2020,0,1,0,4,NA,0,NA,"NJ",NA,NA
407,2020,0,1,0,4,NA,0,NA,"NJ",NA,NA
430,2020,0,1,0,3,NA,0,NA,"NJ",NA,NA
446,2020,0,1,1,0,NA,0,NA,"NJ",NA,NA
447,2020,0,1,1,0,NA,0,NA,"NJ",NA,NA
448,2020,0,1,0,5,NA,0,NA,"NJ",NA,NA
436,2020,0,1,0,3,NA,0,NA,"NJ",NA,NA
437,2020,0,1,0,4,NA,0,NA,"NJ",NA,NA
449,2020,0,1,0,1,NA,0,NA,"NJ",NA,NA
450,2020,0,1,0,5,NA,0,NA,"NJ",NA,NA
349,2020,0,1,0,5,NA,0,NA,"NJ",NA,NA
354,2020,0,1,0,5,NA,0,NA,"NJ",NA,NA
451,2020,0,1,0,4,NA,0,NA,"NJ",NA,NA
452,2020,0,1,0,3,NA,0,NA,"NJ",NA,NA
453,2020,0,1,0,5,NA,0,NA,"NJ",NA,NA
383,2020,0,1,0,5,NA,0,NA,"NJ",NA,NA
432,2020,0,1,0,4,NA,0,NA,"NJ",NA,NA
391,2020,0,1,0,5,NA,0,NA,"NJ",NA,NA
392,2020,0,1,0,4,NA,0,NA,"NJ",NA,NA
429,2020,0,1,0,4,NA,0,NA,"NJ",NA,NA
396,2020,0,1,0,5,NA,0,NA,"NJ",NA,NA
443,2020,0,1,0,5,NA,0,NA,"NJ",NA,NA
399,2020,0,1,0,3,NA,0,NA,"NJ",NA,NA
400,2020,0,1,1,0,NA,0,NA,"NJ",NA,NA
402,2020,0,1,0,4,NA,0,NA,"NJ",NA,NA
420,2020,0,1,0,5,NA,0,NA,"NJ",NA,NA
405,2021,0,1,0,4,NA,0,NA,"NJ",NA,NA
324,2021,0,1,0,3,NA,0,NA,"NJ",NA,NA
422,2021,0,1,1,0,NA,0,NA,"NJ",NA,NA
333,2021,0,1,1,0,NA,0,NA,"NJ",NA,NA
430,2021,0,1,0,2,NA,0,NA,"NJ",NA,NA
446,2021,0,1,0,4,NA,0,NA,"NJ",NA,NA
454,2021,0,1,1,0,NA,0,NA,"NJ",NA,NA
437,2021,0,1,0,3,NA,0,NA,"NJ",NA,NA
455,2021,0,1,1,0,NA,0,NA,"NJ",NA,NA
456,2021,0,1,0,2,NA,0,NA,"NJ",NA,NA
449,2021,0,1,0,4,NA,0,NA,"NJ",NA,NA
450,2021,0,1,0,5,NA,0,NA,"NJ",NA,NA
457,2021,0,1,0,4,NA,0,NA,"NJ",NA,NA
350,2021,0,1,0,1,NA,0,NA,"NJ",NA,NA
458,2021,0,1,0,3,NA,0,NA,"NJ",NA,NA
354,2021,0,1,0,5,NA,0,NA,"NJ",NA,NA
367,2021,0,1,0,5,NA,0,NA,"NJ",NA,NA
369,2021,0,1,0,3,NA,0,NA,"NJ",NA,NA
459,2021,0,1,0,4,NA,0,NA,"NJ",NA,NA
381,2021,0,1,0,5,NA,0,NA,"NJ",NA,NA
383,2021,0,1,0,4,NA,0,NA,"NJ",NA,NA
432,2021,0,1,0,5,NA,0,NA,"NJ",NA,NA
391,2021,0,1,0,4,NA,0,NA,"NJ",NA,NA
392,2021,0,1,1,0,NA,0,NA,"NJ",NA,NA
394,2021,0,1,0,5,NA,0,NA,"NJ",NA,NA
429,2021,0,1,0,5,NA,0,NA,"NJ",NA,NA
396,2021,0,1,0,5,NA,0,NA,"NJ",NA,NA
443,2021,0,1,1,0,NA,0,NA,"NJ",NA,NA
400,2021,0,1,0,5,NA,0,NA,"NJ",NA,NA
460,2021,0,1,0,4,NA,0,NA,"NJ",NA,NA
405,2022,0,1,0,2,NA,0,NA,"NJ",NA,NA
325,2022,0,1,0,5,NA,0,NA,"NJ",NA,NA
406,2022,0,1,0,4,NA,4,NA,"NJ",NA,NA
330,2022,0,1,0,5,NA,5,NA,"NJ",NA,NA
333,2022,0,1,0,5,NA,0,NA,"NJ",NA,NA
336,2022,0,1,0,5,NA,0,NA,"NJ",NA,NA
337,2022,0,1,0,5,NA,0,NA,"NJ",NA,NA
338,2022,0,1,0,4,NA,0,NA,"NJ",NA,NA
339,2022,0,1,0,4,NA,0,NA,"NJ",NA,NA
342,2022,0,1,0,4,NA,0,NA,"NJ",NA,NA
345,2022,0,1,0,3,NA,0,NA,"NJ",NA,NA
461,2022,0,1,0,3,NA,0,NA,"NJ",NA,NA
409,2022,0,1,0,5,NA,0,NA,"NJ",NA,NA
349,2022,0,1,0,4,NA,0,NA,"NJ",NA,NA
350,2022,0,1,0,5,NA,0,NA,"NJ",NA,NA
458,2022,0,1,0,5,NA,0,NA,"NJ",NA,NA
354,2022,0,1,0,5,NA,0,NA,"NJ",NA,NA
367,2022,0,1,0,5,NA,0,NA,"NJ",NA,NA
369,2022,0,1,0,5,NA,0,NA,"NJ",NA,NA
413,2022,0,1,0,4,NA,0,NA,"NJ",NA,NA
377,2022,0,1,0,4,NA,0,NA,"NJ",NA,NA
378,2022,0,1,0,5,NA,0,NA,"NJ",NA,NA
381,2022,0,1,0,2,NA,0,NA,"NJ",NA,NA
383,2022,0,1,0,4,NA,0,NA,"NJ",NA,NA
432,2022,0,1,0,4,NA,0,NA,"NJ",NA,NA
387,2022,0,1,0,5,NA,0,NA,"NJ",NA,NA
391,2022,0,1,0,5,NA,0,NA,"NJ",NA,NA
392,2022,0,1,0,4,NA,0,NA,"NJ",NA,NA
394,2022,0,1,0,5,NA,0,NA,"NJ",NA,NA
395,2022,0,1,1,0,NA,0,NA,"NJ",NA,NA
396,2022,0,1,0,2,NA,0,NA,"NJ",NA,NA
399,2022,0,1,0,5,NA,0,NA,"NJ",NA,NA
400,2022,0,1,0,3,NA,0,NA,"NJ",NA,NA
401,2022,0,1,0,4,NA,0,NA,"NJ",NA,NA
